-- MySQL dump 10.13  Distrib 8.0.41, for Win64 (x86_64)
--
-- Host: 127.0.0.1    Database: yugiohmanager
-- ------------------------------------------------------
-- Server version	8.0.41

/*!40101 SET @OLD_CHARACTER_SET_CLIENT=@@CHARACTER_SET_CLIENT */;
/*!40101 SET @OLD_CHARACTER_SET_RESULTS=@@CHARACTER_SET_RESULTS */;
/*!40101 SET @OLD_COLLATION_CONNECTION=@@COLLATION_CONNECTION */;
/*!50503 SET NAMES utf8 */;
/*!40103 SET @OLD_TIME_ZONE=@@TIME_ZONE */;
/*!40103 SET TIME_ZONE='+00:00' */;
/*!40014 SET @OLD_UNIQUE_CHECKS=@@UNIQUE_CHECKS, UNIQUE_CHECKS=0 */;
/*!40014 SET @OLD_FOREIGN_KEY_CHECKS=@@FOREIGN_KEY_CHECKS, FOREIGN_KEY_CHECKS=0 */;
/*!40101 SET @OLD_SQL_MODE=@@SQL_MODE, SQL_MODE='NO_AUTO_VALUE_ON_ZERO' */;
/*!40111 SET @OLD_SQL_NOTES=@@SQL_NOTES, SQL_NOTES=0 */;

--
-- Table structure for table `attributcarte`
--

DROP TABLE IF EXISTS `attributcarte`;
/*!40101 SET @saved_cs_client     = @@character_set_client */;
/*!50503 SET character_set_client = utf8mb4 */;
CREATE TABLE `attributcarte` (
  `idAttribut` int NOT NULL AUTO_INCREMENT,
  `libelleAttribut` varchar(50) COLLATE utf8mb4_unicode_ci NOT NULL,
  PRIMARY KEY (`idAttribut`),
  UNIQUE KEY `libelleAttribut` (`libelleAttribut`)
) ENGINE=InnoDB AUTO_INCREMENT=8 DEFAULT CHARSET=utf8mb4 COLLATE=utf8mb4_unicode_ci;
/*!40101 SET character_set_client = @saved_cs_client */;

--
-- Dumping data for table `attributcarte`
--

LOCK TABLES `attributcarte` WRITE;
/*!40000 ALTER TABLE `attributcarte` DISABLE KEYS */;
INSERT INTO `attributcarte` VALUES (7,'DIVIN'),(4,'EAU'),(3,'FEU'),(1,'LUMIERE'),(2,'TENEBRES'),(6,'TERRE'),(5,'VENT');
/*!40000 ALTER TABLE `attributcarte` ENABLE KEYS */;
UNLOCK TABLES;

--
-- Table structure for table `carte`
--

DROP TABLE IF EXISTS `carte`;
/*!40101 SET @saved_cs_client     = @@character_set_client */;
/*!50503 SET character_set_client = utf8mb4 */;
CREATE TABLE `carte` (
  `idCarte` int NOT NULL AUTO_INCREMENT,
  `nom` varchar(150) COLLATE utf8mb4_unicode_ci NOT NULL,
  `description` text COLLATE utf8mb4_unicode_ci,
  `idType` int NOT NULL,
  `idAttribut` int DEFAULT NULL,
  `niveau` int DEFAULT NULL,
  `attaque` int DEFAULT NULL,
  `defense` int DEFAULT NULL,
  `idRarete` int NOT NULL,
  `imageUrl` varchar(255) COLLATE utf8mb4_unicode_ci DEFAULT NULL,
  `codeEdition` varchar(50) COLLATE utf8mb4_unicode_ci NOT NULL,
  PRIMARY KEY (`idCarte`),
  KEY `fk_carte_type` (`idType`),
  KEY `fk_carte_attribut` (`idAttribut`),
  KEY `fk_carte_rarete` (`idRarete`),
  KEY `fk_carte_edition` (`codeEdition`),
  CONSTRAINT `fk_carte_attribut` FOREIGN KEY (`idAttribut`) REFERENCES `attributcarte` (`idAttribut`) ON DELETE SET NULL ON UPDATE CASCADE,
  CONSTRAINT `fk_carte_edition` FOREIGN KEY (`codeEdition`) REFERENCES `edition` (`codeEdition`) ON DELETE RESTRICT ON UPDATE CASCADE,
  CONSTRAINT `fk_carte_rarete` FOREIGN KEY (`idRarete`) REFERENCES `raretecarte` (`idRarete`) ON DELETE RESTRICT ON UPDATE CASCADE,
  CONSTRAINT `fk_carte_type` FOREIGN KEY (`idType`) REFERENCES `typecarte` (`idType`) ON DELETE RESTRICT ON UPDATE CASCADE
) ENGINE=InnoDB AUTO_INCREMENT=501 DEFAULT CHARSET=utf8mb4 COLLATE=utf8mb4_unicode_ci;
/*!40101 SET character_set_client = @saved_cs_client */;

--
-- Dumping data for table `carte`
--

LOCK TABLES `carte` WRITE;
/*!40000 ALTER TABLE `carte` DISABLE KEYS */;
INSERT INTO `carte` VALUES (1,'\"A Case for K9\"','When this card is activated: You can add 1 \"K9\" monster from your Deck to your hand. \"K9\" monsters you control gain 900 ATK during any turn in which your opponent has activated a monster effect in the hand or GY. If this card in the Spell & Trap Zone is destroyed by card effect: You can Set 1 \"K9\" Quick-Play Spell from your Deck or GY. You can only use this effect of \"\"A Case for K9\"\" once per turn. You can only activate 1 \"\"A Case for K9\"\" per turn.',2,NULL,NULL,NULL,NULL,1,'https://images.ygoprodeck.com/images/cards/80181649.jpg','JUSH'),(2,'\"A\" Cell Breeding Device','During each of your Standby Phases, put 1 A-Counter on 1 face-up monster your opponent controls.',2,NULL,NULL,NULL,NULL,1,'https://images.ygoprodeck.com/images/cards/34541863.jpg','FOTB'),(3,'\"A\" Cell Incubator','Each time an A-Counter(s) is removed from play by a card effect, place 1 A-Counter on this card. When this card is destroyed, distribute the A-Counters on this card among face-up monsters.',2,NULL,NULL,NULL,NULL,1,'https://images.ygoprodeck.com/images/cards/64163367.jpg','GLAS'),(4,'\"A\" Cell Recombination Device','Target 1 face-up monster on the field; send 1 \"Alien\" monster from your Deck to the Graveyard, and if you do, place A-Counters on that monster equal to the Level of the sent monster. During your Main Phase, except the turn this card was sent to the Graveyard: You can banish this card from your Graveyard; add 1 \"Alien\" monster from your Deck to your hand.',2,NULL,NULL,NULL,NULL,1,'https://images.ygoprodeck.com/images/cards/91231901.jpg','INOV'),(5,'\"A\" Cell Scatter Burst','Select 1 face-up \"Alien\" monster you control. Destroy it and distribute new A-Counters equal to its Level among your opponent\'s face-up monsters.',2,NULL,NULL,NULL,NULL,1,'https://images.ygoprodeck.com/images/cards/73262676.jpg','STON'),(6,'\"Infernoble Arms - Almace\"','While this card is equipped to a monster: You can equip 1 \"Infernoble Arms\" Equip Spell from your Deck or GY, except \"\"Infernoble Arms - Almace\"\", to 1 appropriate monster you control, then destroy this card. If this card is sent to the GY because the equipped monster is sent to the GY: You can target 1 of your FIRE Warrior monsters that is banished or in your GY; add it to your hand. You can only use 1 \"\"Infernoble Arms - Almace\"\" effect per turn, and only once that turn.',2,NULL,NULL,NULL,NULL,1,'https://images.ygoprodeck.com/images/cards/98319530.jpg','DUNE'),(7,'\"Infernoble Arms - Durendal\"','While this card is equipped to a monster: You can add 1 Level 5 or lower FIRE Warrior monster from your Deck to your hand, then destroy this card. If this card is sent to the GY because the equipped monster is sent to the GY: You can target 1 Level 5 or lower FIRE Warrior monster in your GY; Special Summon it, also you cannot Special Summon monsters for the rest of the turn, except Warrior monsters. You can only use 1 \"\"Infernoble Arms - Durendal\"\" effect per turn, and only once that turn.',2,NULL,NULL,NULL,NULL,3,'https://images.ygoprodeck.com/images/cards/37478723.jpg','MP21'),(8,'\"Infernoble Arms - Hauteclere\"','While this card is equipped to a monster: You can target 1 face-up monster you control; this turn, you cannot declare attacks, except with that monster, also it gains the ability this turn to make a second attack during each Battle Phase, then destroy this card. If this card is sent to the GY because the equipped monster is sent to the GY: You can target 1 face-up monster on the field; destroy it. You can only use 1 \"\"Infernoble Arms - Hauteclere\"\" effect per turn, and only once that turn.',2,NULL,NULL,NULL,NULL,3,'https://images.ygoprodeck.com/images/cards/64867422.jpg','MP21'),(9,'\"Infernoble Arms - Joyeuse\"','While this card is equipped to a monster: You can target 1 FIRE Warrior monster in your GY; add it to your hand, then destroy this card. If this card is sent to the GY because the equipped monster is sent to the GY: You can Special Summon 1 FIRE Warrior monster from your hand. You can only use 1 \"\"Infernoble Arms - Joyeuse\"\" effect per turn, and only once that turn.',2,NULL,NULL,NULL,NULL,3,'https://images.ygoprodeck.com/images/cards/90861137.jpg','MP21'),(10,'1st Movement Solo','If you control no monsters: Special Summon 1 Level 4 or lower \"Melodious\" monster from your hand or Deck. You can only activate 1 \"1st Movement Solo\" per turn. You cannot Special Summon monsters during the turn you activate this card, except \"Melodious\" monsters.',2,NULL,NULL,NULL,NULL,3,'https://images.ygoprodeck.com/images/cards/44256816.jpg','MP15'),(11,'3-Hump Lacooda','If there are 3 face-up \"3-Hump Lacooda\" cards on your side of the field, Tribute 2 of them to draw 3 cards.',1,6,3,500,1500,1,'https://images.ygoprodeck.com/images/cards/86988864.jpg','AST'),(12,'30,000-Year White Turtle','\'\'A huge turtle that has existed for over 30,000 years.\'\'',1,4,5,1250,2100,1,'https://images.ygoprodeck.com/images/cards/11714098.jpg','UNKNOWN'),(13,'4-Starred Ladybug of Doom','FLIP: Destroy all Level 4 monsters your opponent controls.',1,5,3,800,1200,1,'https://images.ygoprodeck.com/images/cards/83994646.jpg','DB1'),(14,'7','When there are 3 face-up \"7\" cards on your side of the field, draw 3 cards from your Deck. Then destroy all \"7\" cards. When this card is sent directly from the field to your Graveyard, increase your Life Points by 700 points.',2,NULL,NULL,NULL,NULL,1,'https://images.ygoprodeck.com/images/cards/67048711.jpg','AST'),(15,'7 Colored Fish','A rare rainbow fish that has never been caught by mortal man.',1,4,4,1800,800,1,'https://images.ygoprodeck.com/images/cards/23771716.jpg','GLD1'),(16,'7 Completed','Activate this card by choosing ATK or DEF; equip only to a Machine monster. It gains 700 ATK or DEF, depending on the choice.',2,NULL,NULL,NULL,NULL,1,'https://images.ygoprodeck.com/images/cards/86198326.jpg','BP03'),(17,'8-Claws Scorpion','Once per turn, you can flip this card into face-down Defense Position. When this card attacks an opponent\'s face-down Defense Position monster, this card\'s ATK becomes 2400 during damage calculation only.',1,2,2,300,200,1,'https://images.ygoprodeck.com/images/cards/14261867.jpg','GLD1'),(18,'A Bao A Qu, the Lightless Shadow','2+ monsters, including a Fiend monster\r\nDuring the Main Phase (Quick Effect): You can discard 1 card, then activate 1 of these effects;\r\n● Destroy 1 card on the field.\r\n● Banish this card (until the End Phase), and if you do, Special Summon 1 LIGHT or DARK monster from your GY.\r\nDuring your Standby Phase: You can draw cards equal to the number of different Monster Types in your GY, then place cards from your hand on the bottom of the Deck in any order, equal to the number of cards you drew. You can only use each effect of \"A Bao A Qu, the Lightless Shadow\" once per turn.',1,2,NULL,2800,NULL,1,'https://images.ygoprodeck.com/images/cards/4731783.jpg','SUDA'),(19,'A Cat of Ill Omen','FLIP: Choose 1 Trap from your Deck and place it on top of your Deck, or, if \"Necrovalley\" is on the field, you can add that Trap to your hand instead.',1,2,2,500,300,1,'https://images.ygoprodeck.com/images/cards/24140059.jpg','DR1'),(20,'A Deal with Dark Ruler','(This card is always treated as an \"Archfiend\" card.)\nIf a Level 8 or higher monster under your control was sent to the Graveyard this turn: Special Summon 1 \"Berserk Dragon\" from your hand or Deck.',2,NULL,NULL,NULL,NULL,1,'https://images.ygoprodeck.com/images/cards/6850209.jpg','DCR'),(21,'A Feather of the Phoenix','Discard 1 card, then target 1 card in your GY; return that target to the top of your Deck.',2,NULL,NULL,NULL,NULL,1,'https://images.ygoprodeck.com/images/cards/49140998.jpg','CP03'),(22,'A Feint Plan','A player cannot attack face-down monsters during this turn.',3,NULL,NULL,NULL,NULL,1,'https://images.ygoprodeck.com/images/cards/68170903.jpg','LOD'),(23,'A Hero Emerges','When an opponent\'s monster declares an attack: Your opponent chooses 1 random card from your hand, then if it is a monster that can be Special Summoned, Special Summon it. Otherwise, send it to the Graveyard.',3,NULL,NULL,NULL,NULL,1,'https://images.ygoprodeck.com/images/cards/21597117.jpg','BP02'),(24,'A Hero Lives','If you control no face-up monsters: Pay half your LP; Special Summon 1 Level 4 or lower \"Elemental HERO\" monster from your Deck.',2,NULL,NULL,NULL,NULL,1,'https://images.ygoprodeck.com/images/cards/8949584.jpg','BLC1'),(25,'A Legendary Ocean','(This card\'s name is always treated as \"Umi\".)\r\nAll WATER monsters on the field gain 200 ATK/DEF. Reduce the Level of all WATER monsters in both players\' hands and on the field by 1.',2,NULL,NULL,NULL,NULL,1,'https://images.ygoprodeck.com/images/cards/295517.jpg','DB'),(26,'A Major Upset','Tribute 1 face-up Attack Position Level 2 or lower monster you control; return all Level 7 or higher Special Summoned monsters to the hand.',3,NULL,NULL,NULL,NULL,1,'https://images.ygoprodeck.com/images/cards/32207100.jpg','ANPR'),(27,'A Man with Wdjat','When you Normal Summon this card, and during each of your Standby Phases, select 1 Set card on your opponent\'s side of the field. Pick it up and look at it, then return it to its original position.',1,2,4,1600,1600,1,'https://images.ygoprodeck.com/images/cards/51351302.jpg','DR1'),(28,'A Rival Appears!','Select 1 face-up monster your opponent controls. Special Summon 1 monster from your hand that has the same Level as the selected monster.',3,NULL,NULL,NULL,NULL,1,'https://images.ygoprodeck.com/images/cards/5728014.jpg','CRV'),(29,'A Shattered, Colorless Realm','If \"Vicious Astraloud\" is on the field: Target 1 card on the field; destroy it, then, if the destroyed card\'s original name was \"Vicious Astraloud\", you can Special Summon 1 of your banished \"Visas Starfrost\", or if it was not, you can make 1 \"Vicious Astraloud\" you control gain 1500 ATK.',3,NULL,NULL,NULL,NULL,1,'https://images.ygoprodeck.com/images/cards/44553392.jpg','MP24'),(30,'A Wild Monster Appears!','If your opponent controls a monster and you control no monsters: Special Summon from your hand, 1 monster with an original Level of 10 or lower that cannot be Normal Summoned/Set, ignoring its Summoning conditions. It is unaffected by the effects of your cards, except for its own effects and this card\'s, also shuffle it into the Deck during your opponent\'s next End Phase. For the rest of this turn, you cannot Normal Summon/Set or Special Summon monsters, and your opponent takes no damage.',2,NULL,NULL,NULL,NULL,5,'https://images.ygoprodeck.com/images/cards/23587624.jpg','MP15'),(31,'A Wingbeat of Giant Dragon','Return 1 Level 5 or higher Dragon-Type monster you control to the hand, and if you do, destroy all Spell and Trap Cards on the field.',2,NULL,NULL,NULL,NULL,1,'https://images.ygoprodeck.com/images/cards/28596933.jpg','DB2'),(32,'A-Assault Core','Once per turn, you can either: Target 1 LIGHT Machine monster you control; equip this card to that target, OR: Unequip this card and Special Summon it. A monster equipped with this card is unaffected by your opponent\'s monster effects (except its own), also if the equipped monster would be destroyed by battle or card effect, destroy this card instead. If this card is sent from the field to the GY: You can add 1 other Union monster from your GY to your hand.',1,1,4,1900,200,5,'https://images.ygoprodeck.com/images/cards/30012506.jpg','LCKC'),(33,'A-Team: Trap Disposal Unit','This effect can be used during either player\'s turn. When your opponent activates a Trap Card, Tribute this face-up card to negate the activation of the Trap Card and destroy it.',1,3,2,300,400,2,'https://images.ygoprodeck.com/images/cards/13026402.jpg','DR3'),(34,'A-to-Z Energy Load','When your opponent activates a card or effect: Draw cards equal to the number of Level 8 or higher LIGHT Machine Fusion Monsters you control. During your Standby Phase: You can banish this card from your GY; shuffle up to 6 of your banished LIGHT Machine monsters into the Deck, including a Union monster. You can only use each effect of \"A-to-Z Energy Load\" once per turn.',3,NULL,NULL,NULL,NULL,1,'https://images.ygoprodeck.com/images/cards/75926389.jpg','MZTM'),(35,'A-to-Z-Dragon Buster Cannon','\"ABC-Dragon Buster\" + \"XYZ-Dragon Cannon\"\nMust be Special Summoned (from your Extra Deck) by banishing cards you control with the above original names, and cannot be Special Summoned by other ways. (You do not use \"Polymerization\".) During either player\'s turn, when your opponent activates a Spell/Trap Card, or monster effect: You can discard 1 card; negate the activation, and if you do, destroy that card. During either player\'s turn: You can banish this card, then target 1 each of your banished \"ABC-Dragon Buster\", and \"XYZ-Dragon Cannon\"; Special Summon them.',1,1,10,4000,4000,4,'https://images.ygoprodeck.com/images/cards/65172015.jpg','SDKS'),(36,'A.I. Challenge You','Monsters your opponent controls lose 100 ATK for each card you control. If your \"@Ignister\" monster battles, your opponent cannot activate cards or effects until the end of the Damage Step. When your \"@Ignister\" monster is destroyed by battle: You can target 1 other Cyberse monster with 2300 ATK in your GY; Special Summon it. You can only use this effect of \"A.I. Challenge You\" once per turn.',3,NULL,NULL,NULL,NULL,1,'https://images.ygoprodeck.com/images/cards/28645123.jpg','LIOV'),(37,'A.I. Connect','Reveal 1 Cyberse monster in your hand; apply this effect based on its Attribute, also you cannot Special Summon for the rest of this turn after this card resolves, except Cyberse monsters.\r\n● DARK: Special Summon the revealed monster, and if you do, add 1 Level 4 or lower non-DARK Cyberse monster from your Deck to your hand.\r\n● Other: Shuffle the revealed monster into the Deck, and if you do, add 1 \"@Ignister\" monster with a different Attribute from your Deck to your hand.\r\nYou can only activate 1 \"A.I. Connect\" per turn.',2,NULL,NULL,NULL,NULL,3,'https://images.ygoprodeck.com/images/cards/79015062.jpg','ALIN'),(38,'A.I. Contact','If \"Ignister A.I.Land\" is in your Field Zone: Reveal 1 \"Ignister A.I.Land\" in your hand; place it on the bottom of the Deck, and if you do, draw 3 cards. You can only activate 1 \"A.I. Contact\" per turn.',2,NULL,NULL,NULL,NULL,4,'https://images.ygoprodeck.com/images/cards/10493654.jpg','MP21'),(39,'A.I. Love Fusion','Fusion Summon 1 Cyberse Fusion Monster from your Extra Deck, using monsters from your hand or field as Fusion Material. If you use your \"@Ignister\" monster as Fusion Material, you can also use 1 Link Monster your opponent controls as material. You can only activate 1 \"A.I. Love Fusion\" per turn.',2,NULL,NULL,NULL,NULL,1,'https://images.ygoprodeck.com/images/cards/59332125.jpg','MP21'),(40,'A.I. Meet You','Reveal 1 Cyberse monster with 2300 ATK in your hand or Extra Deck, and add 1 \"@Ignister\" monster with the same Attribute from your Deck to your hand. During the End Phase of this turn, take 2300 damage if you did not Special Summon the revealed monster, or a monster with the same name, after you resolved this effect. You cannot activate monster effects for the rest of this turn after this card resolves, except Cyberse monsters. You can only activate 1 \"A.I. Meet You\" per turn.',2,NULL,NULL,NULL,NULL,4,'https://images.ygoprodeck.com/images/cards/6552971.jpg','MP22'),(41,'A.I. Shadow','Activate this card by targeting 1 \"@Ignister\" monster you control. That monster gains 800 ATK, also all monsters your opponent controls must attack that monster you control, if able. If this face-up card in its owner\'s Spell & Trap Zone has left the field because of an opponent\'s effect, and is now in the GY or banished: Draw 1 card. You can only use this effect of \"A.I. Shadow\" once per turn.',3,NULL,NULL,NULL,NULL,1,'https://images.ygoprodeck.com/images/cards/77421977.jpg','MP21'),(42,'A.I.\'s Ritual','This card can be used to Ritual Summon any Cyberse Ritual Monster. You must also Tribute \"@Ignister\" monsters from your hand or field whose total Levels equal or exceed the Level of the Ritual Monster you Ritual Summon. If you control an \"@Ignister\" monster when this effect is activated, you can also use \"@Ignister\" monster(s) in your GY, by banishing them.',2,NULL,NULL,NULL,NULL,1,'https://images.ygoprodeck.com/images/cards/85327820.jpg','MP21'),(43,'A.I.\'s Show','While you control a Link-3 or higher \"@Ignister\" monster in the Extra Monster Zone, when an opponent\'s monster declares an attack: Special Summon from your Extra Deck any number of non-Link Cyberse monster(s) with 2300 ATK, whose combined ATK is less than or equal to the attacking monster\'s ATK, then end the Battle Phase.',3,NULL,NULL,NULL,NULL,4,'https://images.ygoprodeck.com/images/cards/54374642.jpg','BROL'),(44,'A.I.dle Reborn','Target 1 \"@Ignister\" monster in your GY; Special Summon it, also you cannot Special Summon monsters for the rest of this turn after this card resolves, except Cyberse monsters. When an attack is declared involving 2 monsters: You can banish this card from your GY and 1 card from your hand, then target 1 of your \"A.I.\" Spells/Traps that is banished or in your GY, except \"A.I.dle Reborn\"; add that card to your hand. You can only use each effect of \"A.I.dle Reborn\" once per turn.',2,NULL,NULL,NULL,NULL,1,'https://images.ygoprodeck.com/images/cards/22933016.jpg','MP21'),(45,'A.I.Q','Activate only if you control an \"@Ignister\" monster. Once per turn, during your Standby Phase, Tribute 1 Link Monster, or destroy this card. Each player can only Link Summon a monster once per turn while this card is face-up on the field.',3,NULL,NULL,NULL,NULL,1,'https://images.ygoprodeck.com/images/cards/69381150.jpg','MP21'),(46,'A/D Changer','You can banish this card from your Graveyard, then target 1 monster on the field; change its battle position.',1,1,1,100,100,1,'https://images.ygoprodeck.com/images/cards/96146814.jpg','DP10'),(47,'Abaki','When this card is destroyed and sent to the Graveyard by battle, both players take 500 damage.',1,3,4,1700,1100,1,'https://images.ygoprodeck.com/images/cards/12694768.jpg','CDIP'),(48,'Abare Ushioni','Once per turn, you can toss a coin and call it. If you call it right, inflict 1000 damage to your opponent. If you call it wrong, you take 1000 damage.',1,6,4,1200,1200,1,'https://images.ygoprodeck.com/images/cards/89718302.jpg','DR3'),(49,'ABC-Dragon Buster','\"A-Assault Core\" + \"B-Buster Drake\" + \"C-Crush Wyvern\"\r\nMust first be Special Summoned (from your Extra Deck) by banishing the above cards you control and/or from your GY. (You do not use \"Polymerization\".) Once per turn (Quick Effect): You can discard 1 card, then target 1 card on the field; banish it. During your opponent\'s turn (Quick Effect): You can Tribute this card, then target 3 of your banished LIGHT Machine Union monsters with different names; Special Summon them.',1,1,8,3000,2800,5,'https://images.ygoprodeck.com/images/cards/1561110.jpg','LCKC'),(50,'Abduction','Target 1 face-up monster your opponent controls; banish 1 monster from your Deck or Extra Deck with the same original Type, Attribute, and Level/Rank/Link Rating, and if you do, take control of that targeted monster, and if you banished a monster with the same original name, that monster\'s effects are negated. You can only activate 1 \"Abduction\" per turn.',3,NULL,NULL,NULL,NULL,3,'https://images.ygoprodeck.com/images/cards/21846145.jpg','ALIN'),(51,'Abominable Chamber of the Unchained','Special Summon 1 \"Unchained\" monster from your hand or GY. If this Set card is destroyed by card effect: You can Special Summon 1 \"Unchained\" monster from your Deck. You can only use each effect of \"Abominable Chamber of the Unchained\" once per turn.',3,NULL,NULL,NULL,NULL,1,'https://images.ygoprodeck.com/images/cards/80801743.jpg','MP20'),(52,'Abominable Unchained Soul','You can only Special Summon \"Abominable Unchained Soul(s)\" once per turn. If a card(s) you control is destroyed by battle or card effect: You can Special Summon this card from your hand. If this card is Special Summoned: You can discard 1 card; destroy 1 card on the field. Once per turn, during the End Phase, if this card is in the GY because it was destroyed on the field and sent there this turn: You can Special Summon this card, but place it on the bottom of the Deck when it leaves the field.',1,2,8,3000,1500,3,'https://images.ygoprodeck.com/images/cards/1966438.jpg','IGAS'),(53,'Abomination\'s Prison','Add 1 \"Unchained\" card from your Deck to your hand. If this Set card is destroyed by card effect: You can Special Summon 1 \"Unchained\" monster from your Deck. You can only use each effect of \"Abomination\'s Prison\" once per turn.',2,NULL,NULL,NULL,NULL,4,'https://images.ygoprodeck.com/images/cards/27412542.jpg','MP20'),(54,'Absolute Axon Kicker','1 Psychic Synchro Monster + 1 Synchro Monster\r\nMust first be Fusion Summoned. Cannot be destroyed by card effects. If this card is Fusion Summoned: You can pay 2000 LP; banish all face-up cards your opponent controls. If this card is in your GY, except the turn it was sent there: You can banish it; Special Summon 1 Level 10 Psychic Fusion Monster from your Extra Deck (this is treated as a Fusion Summon). You can only use this effect of \"Absolute Axon Kicker\" once per turn.',1,1,11,3400,2200,1,'https://images.ygoprodeck.com/images/cards/80073414.jpg','DUAD'),(55,'Absolute Crusader','If a Level 5 or higher monster(s) is Special Summoned: Tribute this face-up card; destroy that Level 5 or higher monster(s).',1,6,4,1800,1200,3,'https://images.ygoprodeck.com/images/cards/70832512.jpg','GENF'),(56,'Absolute End','Activate only during your opponent\'s turn. This turn, the attacks from your opponent\'s monsters become direct attacks.',3,NULL,NULL,NULL,NULL,1,'https://images.ygoprodeck.com/images/cards/27744077.jpg','DR3'),(57,'Absolute King - Megaplunder','\'\'The king of dinosaurs that rules over the Earth. Its mighty roar makes its foes tremble in fear!\'\'',1,6,6,2000,1500,1,'https://images.ygoprodeck.com/images/cards/27553701.jpg','UNKNOWN'),(58,'Absolute King Back Jack','During your opponent\'s turn (Quick Effect): You can banish this card from the GY; excavate the top card of your Deck, and if it is a Normal Trap, Set it to your field. Otherwise, send it to the GY. That Set card can be activated during this turn. If this card is sent to the GY: You can look at 3 cards from the top of your Deck, then place them on the top of the Deck in any order. You can only use each effect of \"Absolute King Back Jack\" once per turn.',1,2,1,0,0,3,'https://images.ygoprodeck.com/images/cards/60990740.jpg','OP26'),(59,'Absolute Powerforce','Target 1 \"Red Dragon Archfiend\" you control; if it battles an opponent\'s monster this turn while you control it, apply these effects until the end of the Damage Step.\r\n● It gains 1000 ATK.\r\n● Your opponent cannot activate cards or effects.\r\n● If it attacks a Defense Position monster, inflict piercing battle damage to your opponent.\r\n● Any battle damage your opponent takes from that battle is doubled.',2,NULL,NULL,NULL,NULL,1,'https://images.ygoprodeck.com/images/cards/51779204.jpg','SDCK'),(60,'Absorb Fusion','Add 1 \"Gem-Knight\" card from your Deck to your hand, then you can apply this effect.\n● Fusion Summon 1 \"Gem-Knight\" Fusion Monster from your Extra Deck, by banishing Fusion Materials listed on it from your hand or your side of the field.\nYou can only activate 1 \"Absorb Fusion\" per turn. You cannot Special Summon monsters the turn you activate this card, except \"Gem-Knight\" monsters.',2,NULL,NULL,NULL,NULL,5,'https://images.ygoprodeck.com/images/cards/71422989.jpg','BLMM'),(61,'Absorbing Jar','FLIP: Destroy all Set Spell/Trap Cards on the field, then each player draws 1 card for each of the cards they controlled that was destroyed by this effect. You cannot Set any cards this turn.',1,6,3,600,500,2,'https://images.ygoprodeck.com/images/cards/3900605.jpg','GAOV'),(62,'Absorbing Kid from the Sky','When this card destroys a monster and sends it to the Graveyard as a result of battle, increase your Life Points by the Level of the destroyed monster x 300 points.',1,1,4,1300,1000,1,'https://images.ygoprodeck.com/images/cards/49771608.jpg','AST'),(63,'Absorouter Dragon','If you control a \"Rokket\" monster, you can Special Summon this card (from your hand). You can only Special Summon \"Absorouter Dragon\" once per turn this way. If this card is sent to the GY: You can add 1 \"Rokket\" monster from your Deck to your hand. You can only use this effect of \"Absorouter Dragon\" once per turn.',1,2,7,1200,2800,3,'https://images.ygoprodeck.com/images/cards/67748760.jpg','SDRR'),(64,'Abyss Actor - Comic Relief','[ Pendulum Effect ] \nYou can target 1 \"Abyss Actor\" Pendulum Monster you control and 1 monster your opponent controls; switch control of both monsters, then destroy this card. You can only use this effect of \"Abyss Actor - Comic Relief\" once per turn.\n\n[ Monster Effect ] \nYou take no battle damage from attacks involving this card. Once per turn, during your Standby Phase: Give control of this card to your opponent. Once per turn, if control of this face-up card changes: Activate this effect; the owner of this card can destroy 1 Set \"Abyss Script\" Spell in their Spell & Trap Zone.',1,2,3,1000,2000,1,'https://images.ygoprodeck.com/images/cards/15308295.jpg','LDS2'),(65,'Abyss Actor - Curtain Raiser','[ Pendulum Effect ] \nIf you control no monsters: You can Special Summon this card from your Pendulum Zone. You can only use this effect of \"Abyss Actor - Curtain Raiser\" once per Duel.\n\n[ Monster Effect ] \nGains 1100 ATK if you control no other monsters. Once per turn: You can send 1 \"Abyss Script\" Spell from your Deck to the GY; add 1 face-up \"Abyss Actor\" Pendulum Monster from your Extra Deck to your hand.',1,2,4,1100,1000,4,'https://images.ygoprodeck.com/images/cards/44179224.jpg','BLLR'),(66,'Abyss Actor - Evil Heel','[ Pendulum Effect ] \nOnce per turn: You can Tribute 1 \"Abyss Actor\" monster, then target 1 face-up monster your opponent controls; it loses ATK equal to the original ATK of the Tributed monster, until the end of this turn (even if this card leaves the field).\n\n[ Monster Effect ] \nIf this card is Normal or Special Summoned: You can target 1 face-up monster your opponent controls; it loses 1000 ATK for each \"Abyss Actor\" monster you currently control, until the end of this turn. When this card destroys an opponent\'s monster by battle: You can target 1 \"Abyss Script\" Spell Card in your Graveyard; Set that card.',1,2,8,3000,2000,5,'https://images.ygoprodeck.com/images/cards/52240819.jpg','DESO'),(67,'Abyss Actor - Extras','[ Pendulum Effect ] \nIf your opponent controls a monster: You can Special Summon this card from your Pendulum Zone. You can only use this effect of \"Abyss Actor - Extras\" once per turn.\n\n[ Monster Effect ] \nYou can Tribute this card; place 1 \"Abyss Actor\" Pendulum Monster from your Deck in your Pendulum Zone, also for the rest of this turn, you cannot Special Summon monsters, except \"Abyss Actor\" monsters, nor activate the Pendulum Effect of \"Abyss Actor - Extras\". You can only use this effect of \"Abyss Actor - Extras\" once per turn.',1,2,1,100,100,3,'https://images.ygoprodeck.com/images/cards/88412339.jpg','DESO'),(68,'Abyss Actor - Funky Comedian','[ Pendulum Effect ] \nOnce per turn: You can Tribute 1 \"Abyss Actor\" monster, then target 1 \"Abyss Actor\" monster you control; it gains ATK equal to the original ATK of the Tributed monster, until the end of this turn (even if this card leaves the field).\n\n[ Monster Effect ] \nIf this card is Normal or Special Summoned: You can make this card gain 300 ATK for each \"Abyss Actor\" monster you currently control, until the end of this turn. You can target 1 other \"Abyss Actor\" monster you control; it gains ATK equal to this card\'s current ATK, until the end of this turn. This card cannot attack the turn this effect is activated. You can only use this effect of \"Abyss Actor - Funky Comedian\" once per turn.',1,2,1,300,200,3,'https://images.ygoprodeck.com/images/cards/99634927.jpg','DESO'),(69,'Abyss Actor - Hyper Director','1 \"Abyss Actor\" Pendulum Monster\r\nYou can target 1 card in your Pendulum Zone; Special Summon it, then place 1 \"Abyss Actor\" Pendulum Monster with a different name, from your Deck or face-up Extra Deck, to your Pendulum Zone, also you cannot Normal or Special Summon monsters for the rest of this turn, except \"Abyss Actor\" monsters. You can only use this effect of \"Abyss Actor - Hyper Director\" once per turn.',1,2,NULL,800,NULL,4,'https://images.ygoprodeck.com/images/cards/2368215.jpg','DUOV'),(70,'Abyss Actor - Leading Lady','[ Pendulum Effect ] \nOnce per turn, when you take battle damage from an opponent\'s attacking monster: You can activate 1 of these effects; ● That opponent\'s monster loses ATK equal to the damage you took (even if this card leaves the field). ● Add 1 face-up \"Abyss Actor\" Pendulum Monster from your Extra Deck to your hand with ATK less than or equal to the damage you took.\n\n[ Monster Effect ] \nOnce per turn, when battle damage is inflicted: You can target 1 face-up monster your opponent controls; it loses ATK equal to that battle damage. When this card is destroyed by battle, or if this card in its owner\'s Monster Zone is destroyed by an opponent\'s card effect: You can Set 1 \"Abyss Script\" Spell directly from your Deck.',1,2,4,1500,1000,5,'https://images.ygoprodeck.com/images/cards/24907044.jpg','DESO'),(71,'Abyss Actor - Liberty Dramatist','[ Pendulum Effect ] \nWhen a monster declares an attack: You can discard 1 card; Special Summon this card to your opponent\'s field. You can only use this effect of \"Abyss Actor - Liberty Dramatist\" once per turn.\n\n[ Monster Effect ] \nIf this card is Special Summoned from the Pendulum Zone: The owner of this card reveals 3 \"Abyss Script\" Spells from their Deck, their opponent randomly picks 1 for this card\'s owner to Set on their field (but the owner destroys it during the End Phase), also shuffle the rest into the Deck. If this card is destroyed: You can shuffle 1 \"Abyss Script\" Spell from your GY into the Deck. You can only use each effect of \"Abyss Actor - Liberty Dramatist\" once per turn.',1,2,4,1500,1500,1,'https://images.ygoprodeck.com/images/cards/65477143.jpg','PHHY'),(72,'Abyss Actor - Mellow Madonna','[ Pendulum Effect ] \nYou can pay 1000 LP; add 1 \"Abyss Actor\" Pendulum Monster from your Deck to your hand, except \"Abyss Actor - Mellow Madonna\", also you cannot Special Summon monsters for the rest of this turn, except \"Abyss Actor\" Pendulum Monsters (even if this card leaves the field). You can only use this effect of \"Abyss Actor - Mellow Madonna\" once per turn.\n\n[ Monster Effect ] \nGains 100 ATK for each \"Abyss Script\" Spell in your GY. You can only use each of the following effects of \"Abyss Actor - Mellow Madonna\" once per turn.\r\n● When a Pendulum Monster you control is destroyed by battle: You can Special Summon this card from your hand.\r\n● If an \"Abyss Script\" Spell Card or effect is activated: You can Special Summon 1 Level 4 or lower \"Abyss Actor\" Pendulum Monster from your Deck, but return it to the hand during the End Phase.',1,2,7,1800,2500,1,'https://images.ygoprodeck.com/images/cards/78310590.jpg','LDS2'),(73,'Abyss Actor - Sassy Rookie','[ Pendulum Effect ] \nIf an \"Abyss Actor\" monster(s) you control would be destroyed by battle or an opponent\'s card effect, you can destroy this card instead.\n\n[ Monster Effect ] \nThe first time this card would be destroyed by battle or card effect each turn, it is not destroyed. If this card is destroyed by battle, or if this card in its owner\'s Monster Zone is destroyed by an opponent\'s card effect: You can Special Summon 1 Level 4 or lower \"Abyss Actor\" monster from your Deck, except \"Abyss Actor - Sassy Rookie\". If this card in the Pendulum Zone is destroyed: You can target 1 Level 4 or lower monster your opponent controls; destroy it.',1,2,4,1700,1000,3,'https://images.ygoprodeck.com/images/cards/51028231.jpg','DESO'),(74,'Abyss Actor - Super Producer','2 monsters, including a Fiend monster\r\nDuring the Main Phase (Quick Effect): You can target 1 face-up card you control; destroy it, then you can apply 1 of these effects.\r\n● Place 1 \"Abyss Playhouse - Fantastic Theater\" from your Deck, face-up in your Field Zone.\r\n● Place 1 \"Abyss Actor\" Pendulum Monster from your Deck in your Pendulum Zone.\r\nYou can only use this effect of \"Abyss Actor - Super Producer\" once per turn.',1,2,NULL,1600,NULL,1,'https://images.ygoprodeck.com/images/cards/47404795.jpg','PHHY'),(75,'Abyss Actor - Superstar','[ Pendulum Effect ] \nOnce per turn: You can Tribute 1 \"Abyss Actor\" monster, then target 1 \"Abyss Script\" Spell in your GY; add it to your hand.\n\n[ Monster Effect ] \nWhen Normal or Special Summoned, your opponent\'s Spell/Trap Cards and effects cannot be activated. Once per turn: You can Set 1 \"Abyss Script\" Spell directly from your Deck, but it is sent to the GY during the End Phase.',1,2,7,2500,1800,5,'https://images.ygoprodeck.com/images/cards/25629622.jpg','DESO'),(76,'Abyss Actor - Trendy Understudy','[ Pendulum Effect ] \nWhen you Pendulum Summon a monster: You can add 1 face-up Level 1 or 8 \"Abyss Actor\" Pendulum Monster from your Extra Deck to your hand.\n\n[ Monster Effect ] \nIf you have 2 \"Abyss Actor\" cards in your Pendulum Zones: You can Tribute this card; Special Summon 1 Level 1 or 8 \"Abyss Actor\" Pendulum Monster from your hand or face-up from your Extra Deck. You can only use this effect of \"Abyss Actor - Trendy Understudy\" once per turn.',1,2,2,700,700,1,'https://images.ygoprodeck.com/images/cards/39024589.jpg','MP18'),(77,'Abyss Actor - Twinkle Little Star','[ Pendulum Effect ] \nYou cannot Pendulum Summon monsters, except \"Abyss Actor\" monsters. This effect cannot be negated. Once per turn: You can target 1 \"Abyss Actor\" monster you control; this turn, it can make up to 3 attacks on monsters during each Battle Phase, also other monsters you control cannot attack for the rest of this turn (even if this card leaves the field).\n\n[ Monster Effect ] \nCannot be destroyed by battle during your turn. This card can make up to 3 attacks on monsters during each Battle Phase.',1,2,4,1000,1000,1,'https://images.ygoprodeck.com/images/cards/7279373.jpg','ROTD'),(78,'Abyss Actor - Wild Hope','[ Pendulum Effect ] \nOnce per turn: You can target 1 \"Abyss Actor\" card in your other Pendulum Zone; its Pendulum Scale becomes 9 until the end of this turn, also you cannot Special Summon monsters for the rest of this turn, except \"Abyss Actor\" monsters (even if this card leaves the field).\n\n[ Monster Effect ] \nOnce per turn: You can make this card gain 100 ATK for each \"Abyss Actor\" monster you currently control with different names, until the end of this turn. If this card is destroyed by battle or card effect: You can add 1 \"Abyss Actor\" card from your Deck to your hand, except \"Abyss Actor - Wild Hope\". You can only use this effect of \"Abyss Actor - Wild Hope\" once per turn.',1,2,4,1600,1200,5,'https://images.ygoprodeck.com/images/cards/51391183.jpg','DESO'),(79,'Abyss Actors Back Stage','If you have 2 \"Abyss Actor\" cards in your Pendulum Zones: Add 2 \"Abyss Actor\" Pendulum Monsters with different names from your Deck to your Extra Deck face-up. You can only activate 1 \"Abyss Actors Back Stage\" per turn.',3,NULL,NULL,NULL,NULL,3,'https://images.ygoprodeck.com/images/cards/59057953.jpg','DESO'),(80,'Abyss Actors\' Curtain Call','If an \"Abyss Script\" Spell Card or effect is activated this turn: Add face-up \"Abyss Actor\" Pendulum Monsters from your Extra Deck to your hand, up to the number of \"Abyss Script\" Spells in your GY. Then, you can Special Summon \"Abyss Actor\" Pendulum Monsters from your hand with different names, up to the number of monsters added to the hand by this effect. You cannot Special Summon monsters for the rest of this turn, except \"Abyss Actor\" Pendulum Monsters. You can only activate 1 \"Abyss Actors\' Curtain Call\" per turn.',3,NULL,NULL,NULL,NULL,1,'https://images.ygoprodeck.com/images/cards/4682617.jpg','LDS2'),(81,'Abyss Actors\' Dress Rehearsal','At the start of your Main Phase 1: Add 1 \"Abyss Actor\" card and 1 \"Abyss Script\" Spell from your Deck to your hand. For the rest of this turn after this card resolves, you cannot Pendulum Summon monsters, except \"Abyss Actor\" monsters.',2,NULL,NULL,NULL,NULL,3,'https://images.ygoprodeck.com/images/cards/6004133.jpg','PHHY'),(82,'Abyss Dweller','2 Level 4 monsters\nWhile this card has a material attached that was originally WATER, all WATER monsters you control gain 500 ATK. Once per turn (Quick Effect): You can detach 1 material from this card; your opponent cannot activate any card effects in their GY this turn.',1,4,4,1700,1400,1,'https://images.ygoprodeck.com/images/cards/21044178.jpg','RA02'),(83,'Abyss Flower','\'\'A rarely seen flower that blossoms quietly on the edge of darkness.\'\'',1,6,2,750,400,1,'https://images.ygoprodeck.com/images/cards/40387124.jpg','UNKNOWN'),(84,'Abyss Keeper','2 WATER monsters\r\nCannot be used as Link Material the turn it is Link Summoned. If this card is Link Summoned: You can Special Summon 1 Fish monster from your hand to your zone this card points to. You can target 1 other Fish monster you control and 1 card your opponent controls; banish those cards. You can only use each effect of \"Abyss Keeper\" once per turn.',1,4,NULL,1500,NULL,4,'https://images.ygoprodeck.com/images/cards/82184400.jpg','MP22'),(85,'Abyss Playhouse - Fantastic Theater','You can reveal 1 \"Abyss Actor\" Pendulum Monster and 1 \"Abyss Script\" Spell in your hand; add 1 \"Abyss Script\" Spell from your Deck to your hand, with a different name than that revealed Spell. While you control a Pendulum Summoned \"Abyss Actor\" Pendulum Monster, any monster effect activated by your opponent becomes \"Destroy 1 Set Spell/Trap your opponent controls\". You can only use each effect of \"Abyss Playhouse - Fantastic Theater\" once per turn.',2,NULL,NULL,NULL,NULL,1,'https://images.ygoprodeck.com/images/cards/77297908.jpg','LDS2'),(86,'Abyss Prop - Wild Wagon','The first time each \"Abyss Actor\" monster you control would be destroyed by battle each turn, it is not destroyed. Once per turn: You can target 1 \"Abyss Actor\" monster you control; your opponent cannot target it with card effects until the end of their turn (even if this card leaves the field). If this Set card in its owner\'s control is destroyed by an opponent\'s card effect, and you have a face-up \"Abyss Actor\" Pendulum Monster in your Extra Deck: You can return all cards your opponent controls to the hand.',2,NULL,NULL,NULL,NULL,3,'https://images.ygoprodeck.com/images/cards/86578200.jpg','DESO'),(87,'Abyss Script - Abysstainment','You can Tribute 1 \"Abyss Actor\" monster, then target 1 \"Abyss Script\" Spell in your GY; Set it to your field. You can use this effect of \"Abyss Script - Abysstainment\" up to twice per turn. If this Set card in its owner\'s control is destroyed by an opponent\'s card effect, and you have a face-up \"Abyss Actor\" Pendulum Monster in your Extra Deck: You can Special Summon any number of \"Abyss Actor\" Pendulum Monsters from your Deck.',2,NULL,NULL,NULL,NULL,4,'https://images.ygoprodeck.com/images/cards/70564929.jpg','BLLR'),(88,'Abyss Script - Dramatic Story','Target 1 \"Abyss Actor\" Pendulum Monster you control; Special Summon 1 \"Abyss Actor\" monster from your Deck with a different name, then place the targeted monster in your Pendulum Zone or destroy it. If this Set card in its owner\'s control is destroyed by an opponent\'s card effect, and you have a face-up \"Abyss Actor\" Pendulum Monster in your Extra Deck: You can return up to 2 cards on the field to the hand. You can only activate 1 \"Abyss Script - Dramatic Story\" per turn.',2,NULL,NULL,NULL,NULL,1,'https://images.ygoprodeck.com/images/cards/33503878.jpg','PHHY'),(89,'Abyss Script - Fantasy Magic','Target 1 \"Abyss Actor\" monster you control; this turn, every monster that battles it, but is not destroyed, returns to the hand at the end of the Damage Step. If this Set card in its owner\'s control is destroyed by an opponent\'s card effect, and you have a face-up \"Abyss Actor\" Pendulum Monster in your Extra Deck: You can target 1 card your opponent controls; place it on top of the Deck.',2,NULL,NULL,NULL,NULL,3,'https://images.ygoprodeck.com/images/cards/87390798.jpg','DESO'),(90,'Abyss Script - Fire Dragon\'s Lair','Target 1 \"Abyss Actor\" monster you control; if it destroys your opponent\'s monster by battle this turn, your opponent banishes 3 monsters from their Extra Deck (their choice). If this Set card in its owner\'s control is destroyed by an opponent\'s card effect, and you have a face-up \"Abyss Actor\" Pendulum Monster in your Extra Deck: You can look at your opponent\'s Extra Deck, also banish 1 monster from their Extra Deck. You can only use this effect of \"Abyss Script - Fire Dragon\'s Lair\" once per turn.',2,NULL,NULL,NULL,NULL,3,'https://images.ygoprodeck.com/images/cards/50179591.jpg','DESO'),(91,'Abyss Script - Opening Ceremony','Gain 500 LP for each \"Abyss Actor\" monster you control. If this Set card in its owner\'s control is destroyed by an opponent\'s card effect, and you have a face-up \"Abyss Actor\" Pendulum Monster in your Extra Deck: You can draw until you have 5 cards in your hand. You can only use each effect of \"Abyss Script - Opening Ceremony\" once per turn.',2,NULL,NULL,NULL,NULL,3,'https://images.ygoprodeck.com/images/cards/23784496.jpg','DESO'),(92,'Abyss Script - Rise of the Abyss King','Target face-up cards on the field, up to the number of Attack Position \"Abyss Actor\" monsters with different names you control; destroy them. If you control a Level 7 or higher \"Abyss Actor\" monster, your opponent cannot activate cards or effects in response to this card\'s activation. If this Set card in its owner\'s control is destroyed by an opponent\'s card effect, and you have a face-up \"Abyss Actor\" Pendulum Monster in your Extra Deck: You can add up to 2 \"Abyss Actor\" cards and/or \"Abyss Script\" Spells with different names from your Deck to your hand.',2,NULL,NULL,NULL,NULL,5,'https://images.ygoprodeck.com/images/cards/13662809.jpg','DESO'),(93,'Abyss Script - Romantic Terror','Return 1 \"Abyss Actor\" Pendulum Monster you control to the hand, and if you do, Special Summon from your Extra Deck in Defense Position, 1 face-up \"Abyss Actor\" Pendulum Monster with a different original name from that monster. If this Set card in its owner\'s control is destroyed by an opponent\'s card effect, and you have a face-up \"Abyss Actor\" Pendulum Monster in your Extra Deck: You can Set any number of \"Abyss Script\" Spells directly from your Deck. You can only activate 1 \"Abyss Script - Romantic Terror\" per turn.',2,NULL,NULL,NULL,NULL,1,'https://images.ygoprodeck.com/images/cards/41803903.jpg','LDS2'),(94,'Abyss Shark','If this card is used for the Xyz Summon of a \"Number\" monster, it can be treated as a Level 3 or 4 monster. If all monsters you control are WATER (min. 1): You can Special Summon this card from your hand, and if you do, add 1 Level 3, 4, or 5 Fish monster from your Deck to your hand, except \"Abyss Shark\". For the rest of this turn, you cannot Special Summon monsters, except WATER monsters, also, double the first battle damage inflicted to your opponent this turn by your \"Number\" monster battling another monster. You can only use this effect of \"Abyss Shark\" once per turn.',1,4,5,1200,700,4,'https://images.ygoprodeck.com/images/cards/61496006.jpg','LED9'),(95,'Abyss Soldier','Once per turn: You can discard 1 WATER monster to the Graveyard to target 1 card on the field; return it to the hand.',1,4,4,1800,1300,2,'https://images.ygoprodeck.com/images/cards/18318842.jpg','CP02'),(96,'Abyss Stungray','Special Summon this card as an Effect Monster (Thunder-Type/LIGHT/Level 5/ATK 1900/DEF 0). (This card is also still a Trap Card.) If Summoned this way, this card cannot be destroyed by battle.',3,NULL,NULL,NULL,NULL,1,'https://images.ygoprodeck.com/images/cards/97232518.jpg','MP16'),(97,'Abyss Warrior','Once per turn: You can discard 1 WATER monster to the Graveyard, then target 1 monster in either player\'s Graveyard; return that target to either the top or bottom of the Deck.',1,4,4,1800,1300,1,'https://images.ygoprodeck.com/images/cards/88409165.jpg','ABYR'),(98,'Abyss-scale of Cetus','Equip only to a \"Mermail\" monster. It gains 800 ATK. When a Trap effect that was activated on your opponent\'s side of the field resolves, negate that effect, then send this card to the Graveyard.',2,NULL,NULL,NULL,NULL,1,'https://images.ygoprodeck.com/images/cards/19596712.jpg','CBLZ'),(99,'Abyss-scale of the Kraken','Equip only to a \"Mermail\" monster. It gains 400 ATK. When a monster effect that was activated on your opponent\'s side of the field resolves, negate that effect, then send this card to the Graveyard.',2,NULL,NULL,NULL,NULL,1,'https://images.ygoprodeck.com/images/cards/8719957.jpg','ABYR'),(100,'Abyss-scale of the Mizuchi','Equip only to a \"Mermail\" monster. It gains 800 ATK. When a Spell effect that was activated on your opponent\'s side of the field resolves, negate that effect, then send this card to the Graveyard.',2,NULL,NULL,NULL,NULL,1,'https://images.ygoprodeck.com/images/cards/72932673.jpg','MP14'),(101,'Abyss-scorn','Target 1 \"Mermail\" monster you control; it gains 1000 ATK until the End Phase. When this Set card is sent to the Graveyard: Target 1 monster your opponent controls; send that target to the Graveyard.',3,NULL,NULL,NULL,NULL,1,'https://images.ygoprodeck.com/images/cards/79206750.jpg','CBLZ'),(102,'Abyss-sphere','Special Summon 1 \"Mermail\" monster from your Deck. Its effects are negated. You cannot activate any Spell Cards. When this card leaves the field, destroy that monster. Destroy this card during your opponent\'s next End Phase after activation.',3,NULL,NULL,NULL,NULL,1,'https://images.ygoprodeck.com/images/cards/60202749.jpg','ABYR'),(103,'Abyss-squall','Target 3 \"Mermail\" monsters in your Graveyard; Special Summon those targets in face-up Defense Position. Their effects are negated and they cannot declare an attack. Destroy them during the End Phase.',3,NULL,NULL,NULL,NULL,3,'https://images.ygoprodeck.com/images/cards/34707034.jpg','ABYR'),(104,'Abyss-steam','Draw cards equal to the number of different Monster Types among the monsters you control that are Fish, Sea Serpent, or Aqua monsters, also until the end of your next turn after this card resolves, you cannot Special Summon from the Extra Deck, except WATER monsters. If a face-up WATER monster(s) you control is destroyed by battle or card effect, while this card is in your GY: You can banish this card; add 1 \"Mermail\" monster from your GY or banishment to your hand. You can only use each effect of \"Abyss-steam\" once per turn.',3,NULL,NULL,NULL,NULL,3,'https://images.ygoprodeck.com/images/cards/63941169.jpg','SUDA'),(105,'Abyss-sting Triaina','Special Summon 1 \"Atlantean\" or \"Mermail\" monster from your hand or GY, and if you do, equip it with this card. If the equipped monster would be destroyed by battle or card effect, you can send this card to the GY instead. You can banish this card from your GY, then target up to 3 of your Fish, Sea Serpent, and/or Aqua monsters that are banished or in your GY; shuffle them into the Deck. You can only use this effect of \"Abyss-sting Triaina\" once per turn. You can only activate 1 \"Abyss-sting Triaina\" per turn.',2,NULL,NULL,NULL,NULL,4,'https://images.ygoprodeck.com/images/cards/81878201.jpg','MP25'),(106,'Abyss-strom','Send 1 face-up \"Umi\" you control to the Graveyard; send all Spell and Trap Cards on the field to the Graveyard.',3,NULL,NULL,NULL,NULL,2,'https://images.ygoprodeck.com/images/cards/97697447.jpg','ABYR'),(107,'Abyssal Designator','Pay 1000 Life Points. Declare a Type and an Attribute. Your opponent must send 1 monster with both the declared Type and Attribute from their hand or Deck to the Graveyard.',2,NULL,NULL,NULL,NULL,1,'https://images.ygoprodeck.com/images/cards/89801755.jpg','DR3'),(108,'Abyssal Kingshark','Once per turn, if this card would be destroyed by an effect that does not target it, it is not destroyed.',1,4,4,1700,600,1,'https://images.ygoprodeck.com/images/cards/44223284.jpg','BP01'),(109,'Abyssrhine, the Atlantean Spirit','(This card is always treated as a \"Mermail\" card.)\r\nYou can Tribute this card from your hand and 1 \"Atlantean\" or \"Mermail\" monster from your hand or field; take 1 Level 7 Fish, Sea Serpent, or Aqua monster from your Deck and either add it to your hand or Special Summon it, also you cannot Special Summon from the Extra Deck for the rest of this turn, except WATER monsters. During your opponent\'s turn (Quick Effect): You can banish this card from your GY and discard 1 card to the GY; draw 1 card. You can only use each effect of \"Abyssrhine, the Atlantean Spirit\" once per turn.',1,4,3,1600,1600,4,'https://images.ygoprodeck.com/images/cards/17080584.jpg','MP25'),(110,'Abysstrite, the Atlantean Spirit','2+ Level 7 WATER monsters\r\nWATER monsters you control gain 300 ATK/DEF for each material attached to this card. You can only use each of the following effects of \"Abysstrite, the Atlantean Spirit\" once per turn. If this card is Xyz Summoned: You can target 1 Level 7 or lower Fish, Sea Serpent, or Aqua monster in your GY; Special Summon it. You can detach 1 material from this card; Set 1 \"Abyss-\" Trap from your Deck.',1,4,7,2100,2800,3,'https://images.ygoprodeck.com/images/cards/9453320.jpg','SUDA'),(111,'Accel Synchro Stardust Dragon','1 Tuner + 1+ non-Tuner monsters\r\nIf this card is Synchro Summoned: You can Special Summon 1 Level 2 or lower Tuner from your GY. During the Main Phase (Quick Effect): You can Tribute this card; Special Summon 1 \"Stardust Dragon\" from your Extra Deck (this is treated as a Synchro Summon), then, immediately after this effect resolves, Synchro Summon 1 Synchro Monster using monsters you control as material. This turn, the monsters Synchro Summoned by this effect are unaffected by your opponent\'s activated effects. You can only use each effect of \"Accel Synchro Stardust Dragon\" once per turn.',1,5,8,2500,2000,1,'https://images.ygoprodeck.com/images/cards/30983281.jpg','MP24'),(112,'Accel Synchron','1 Tuner + 1+ non-Tuner monsters\r\nOnce per turn: You can send 1 \"Synchron\" monster from your Deck to the GY, then activate 1 of these effects;\r\n● Increase this card\'s Level by the Level of the sent monster.\r\n● Reduce this card\'s Level by the Level of the sent monster.\r\nDuring your opponent\'s Main Phase, you can (Quick Effect): Immediately after this effect resolves, Synchro Summon using this card you control. You can only Synchro Summon \"Accel Synchron\" once per turn.',1,2,5,500,2100,1,'https://images.ygoprodeck.com/images/cards/37675907.jpg','LED6'),(113,'Accellight','If you control no monsters: Special Summon 1 Level 4 or lower \"Photon\" or \"Galaxy\" monster from your Deck. You can only activate 1 \"Accellight\" per turn. You cannot Normal Summon/Set during the turn you activate this card.',2,NULL,NULL,NULL,NULL,1,'https://images.ygoprodeck.com/images/cards/34838437.jpg','LED3'),(114,'Accesscode Talker','2+ Effect Monsters\r\nYour opponent cannot activate cards or effects in response to this card\'s effect activations. If this card is Link Summoned: You can target 1 Link Monster that was used as material for its Link Summon; this card gains ATK equal to that monster\'s Link Rating x 1000. You can banish 1 Link Monster from your field or GY; destroy 1 card your opponent controls, also for the rest of this turn, you cannot banish monsters with that same Attribute to activate this effect of \"Accesscode Talker\".',1,2,NULL,2300,NULL,4,'https://images.ygoprodeck.com/images/cards/86066372.jpg','MP25'),(115,'Accumulated Fortune','Activate only as Chain Link 4 or higher. Draw 2 cards. You cannot activate this card if multiple cards/effects with the same name are in that Chain.',3,NULL,NULL,NULL,NULL,1,'https://images.ygoprodeck.com/images/cards/98444741.jpg','CDIP'),(116,'Ace★Spades Speculation','1 monster with 2500 or more ATK + 1 face-down Defense Position monster with 2500 or less DEF\r\nYou can only Special Summon \"Ace★Spades Speculation(s)\" once per turn. You can Tribute 1 Attack Position monster and 1 face-down Defense Position monster; Special Summon this card from your GY. This card gains the following effect based on its battle position.\r\n● Attack Position: Gains ATK equal to the highest original ATK among monsters your opponent controls (your choice, if tied).\r\n● Defense Position: Cannot be destroyed by battle or card effects.',1,1,7,2500,2500,5,'https://images.ygoprodeck.com/images/cards/10796448.jpg','BLTR'),(117,'Achacha Archer','When this card is Normal or Flip Summoned: Inflict 500 damage to your opponent.',1,3,3,1200,600,1,'https://images.ygoprodeck.com/images/cards/98865920.jpg','GENF'),(118,'Achacha Chanbara','During either player\'s turn, when a card or effect is activated that will inflict damage when it resolves: You can Special Summon this card from your hand, and if you do, inflict 400 damage to your opponent.',1,3,3,1400,400,1,'https://images.ygoprodeck.com/images/cards/62476197.jpg','ABYR'),(119,'Achichi @Ignister','If this card is Normal or Special Summoned: You can add 1 Level 4 or lower \"@Ignister\" monster from your Deck to your hand, except \"Achichi @Ignister\". At the start of the Damage Step, when your Cyberse monster battles: You can banish this card from your GY; destroy that monster you control. You can only use each effect of \"Achichi @Ignister\" once per turn.',1,3,2,800,800,4,'https://images.ygoprodeck.com/images/cards/15808381.jpg','MP21'),(120,'Acid Crawler','\'\'A giant caterpillar that secretes an acid mist that melts anything.\'\'',1,6,3,900,700,1,'https://images.ygoprodeck.com/images/cards/77568553.jpg','UNKNOWN'),(121,'Acid Rain','Destroy all face-up Machine-Type monsters on the field.',2,NULL,NULL,NULL,NULL,1,'https://images.ygoprodeck.com/images/cards/21323861.jpg','DT02'),(122,'Acid Trap Hole','Target 1 face-down Defense Position monster on the field; flip it face-up, then destroy it if its DEF is 2000 or less, or return it face-down if its DEF is more than 2000.',3,NULL,NULL,NULL,NULL,2,'https://images.ygoprodeck.com/images/cards/41356845.jpg','LCYW'),(123,'Acidic Downpour','All EARTH monsters lose 500 ATK and gain 400 DEF.',2,NULL,NULL,NULL,NULL,1,'https://images.ygoprodeck.com/images/cards/35956022.jpg','PTDN'),(124,'Acorno','During your Main Phase: You can send 1 \"Pinecono\" from your hand to the Graveyard, and Special Summon this card from the hand.',1,6,1,200,400,1,'https://images.ygoprodeck.com/images/cards/21051977.jpg','PHSW'),(125,'Acrobat Monkey','An autonomous monkey type robot which was developed with cutting-edge technology. It moves very acrobatically.',1,6,3,1000,1800,1,'https://images.ygoprodeck.com/images/cards/47372349.jpg','DCR'),(126,'Acrobatic Magician','[ Pendulum Effect ] \nWhen a monster(s) you control is destroyed by a card effect (except during the Damage Step): You can Special Summon this card from your Pendulum Zone. You can only use this effect of \"Acrobatic Magician\" once per turn.\n\n[ Monster Effect ] \nIf the activation of a Spell/Trap Card is negated (except during the Damage Step): You can Special Summon this card from your hand. When this card is destroyed by battle: You can place this card in your Pendulum Zone.',1,2,5,800,2300,2,'https://images.ygoprodeck.com/images/cards/33656832.jpg','TDIL'),(127,'Action Magic - Double Banking','Discard 1 card; this turn, if a monster you currently control destroys an opponent\'s monster by battle, it can make a second attack in a row. During your Main Phase, if this card is in your GY, except the turn this card was sent to the GY: You can discard 1 Spell; Set this card.',2,NULL,NULL,NULL,NULL,1,'https://images.ygoprodeck.com/images/cards/35498188.jpg','CHIM'),(128,'Action Magic - Full Turn','This turn, double any battle damage that a player takes from battles involving 2 monsters. During your Main Phase, if this card is in your GY, except the turn this card was sent to the GY: You can discard 1 Spell; Set this card.',2,NULL,NULL,NULL,NULL,1,'https://images.ygoprodeck.com/images/cards/99004583.jpg','CHIM'),(129,'Ad Libitum of Despia','During your Main Phase: You can make all monsters currently on the field gain ATK equal to their own Level x 100, until the end of the opponent\'s turn. If this card in your hand or field is used as Fusion Material, and sent to the GY or banished: You can target 1 of your \"Despia\" monsters or Level 8 or higher Fusion Monsters, that is banished or in your GY, except \"Ad Libitum of Despia\"; Special Summon it. You can only use each effect of \"Ad Libitum of Despia\" once per turn.',1,2,8,1500,2000,1,'https://images.ygoprodeck.com/images/cards/81555617.jpg','MP22'),(130,'Adamancipator Analyzer','If only your opponent controls a monster: You can Special Summon this card from your hand. During your Main Phase: You can excavate the top 5 cards of your Deck, and if you do, you can Special Summon 1 excavated Level 4 or lower non-Tuner Rock monster, also place the rest on the bottom of your Deck in any order. You can only use each effect of \"Adamancipator Analyzer\" once per turn.',1,6,4,1500,700,3,'https://images.ygoprodeck.com/images/cards/11302671.jpg','MP21'),(131,'Adamancipator Crystal - Dragite','If this card is Special Summoned by the effect of an \"Adamancipator\" card: You can draw 1 card. If this card is in your GY: You can target 1 WATER Synchro Monster you control or in your GY; return it to the Extra Deck, and if you do, place this card on top of the Deck. You can only use each effect of \"Adamancipator Crystal - Dragite\" once per turn.',1,4,4,0,2200,1,'https://images.ygoprodeck.com/images/cards/10286023.jpg','MP21'),(132,'Adamancipator Crystal - Leonite','If this card is Special Summoned by the effect of an \"Adamancipator\" card: You can place 1 \"Adamancipator\" card from your hand or GY on top of the Deck. If this card is in your GY: You can target 1 FIRE Synchro Monster you control or in your GY; return it to the Extra Deck, and if you do, place this card on top of the Deck. You can only use each effect of \"Adamancipator Crystal - Leonite\" once per turn.',1,3,4,0,2200,1,'https://images.ygoprodeck.com/images/cards/47897376.jpg','MP21'),(133,'Adamancipator Crystal - Raptite','If this card is Special Summoned by the effect of an \"Adamancipator\" card: You can place 1 Rock monster from your hand or GY on top of the Deck. If this card is in your GY: You can target 1 WIND Synchro Monster you control or in your GY; return it to the Extra Deck, and if you do, place this card on top of the Deck. You can only use each effect of \"Adamancipator Crystal - Raptite\" once per turn.',1,5,4,0,2200,1,'https://images.ygoprodeck.com/images/cards/74891384.jpg','MP21'),(134,'Adamancipator Friends','Excavate the top cards of your Deck equal to the number of Rock monsters you control +5, and if you do, you can add to your hand 1 excavated Rock monster with a Level equal to or lower than the number of the excavated cards, also place the remaining cards on the bottom of your Deck in any order. For the rest of this turn after this card resolves, you cannot Special Summon monsters, except Rock monsters.',2,NULL,NULL,NULL,NULL,2,'https://images.ygoprodeck.com/images/cards/99927991.jpg','MP21'),(135,'Adamancipator Laputite','All Rock monsters you control gain 500 ATK/DEF. Once per turn, during your Main Phase: You can take up to 5 \"Adamancipator\" cards from your Deck and place them on top of your Deck in any order.',2,NULL,NULL,NULL,NULL,1,'https://images.ygoprodeck.com/images/cards/46552140.jpg','MP21'),(136,'Adamancipator Relief','Tribute any number of \"Adamancipator\" monsters, then target cards on the field equal to that number +1; destroy them.',3,NULL,NULL,NULL,NULL,3,'https://images.ygoprodeck.com/images/cards/9341993.jpg','MP21'),(137,'Adamancipator Researcher','If you control a Rock monster, except \"Adamancipator Researcher\": You can Special Summon this card from your hand. During your Main Phase: You can excavate the top 5 cards of your Deck, and if you do, you can Special Summon 1 excavated Level 4 or lower non-Tuner Rock monster, also place the rest on the bottom of your Deck in any order. You can only use each effect of \"Adamancipator Researcher\" once per turn.',1,6,2,100,2100,4,'https://images.ygoprodeck.com/images/cards/85914562.jpg','MP21'),(138,'Adamancipator Resonance','When a monster effect is activated, while you control an \"Adamancipator\" Synchro Monster: Negate the activation, and if you do, destroy it.',3,NULL,NULL,NULL,NULL,1,'https://images.ygoprodeck.com/images/cards/45730592.jpg','MP21'),(139,'Adamancipator Risen - Dragite','1 Tuner + 1+ non-Tuner monsters\r\nDuring your Main Phase: You can excavate the top 5 cards of your Deck, and if you do, you can return cards your opponent controls to the hand, up to the number of excavated Rock monsters, also place the excavated cards on the bottom of your Deck in any order. When your opponent activates a Spell/Trap Card or effect, while a WATER monster is in your GY (Quick Effect): You can negate the activation, and if you do, destroy it. You can only use each effect of \"Adamancipator Risen - Dragite\" once per turn.',1,4,8,3000,2200,4,'https://images.ygoprodeck.com/images/cards/9464441.jpg','MP21'),(140,'Adamancipator Risen - Leonite','1 Tuner + 1+ non-Tuner monsters\r\nDuring your Main Phase: You can excavate the top 5 cards of your Deck, and if you do, you can add 1 excavated \"Adamancipator\" card to your hand, also place the rest on the bottom of your Deck in any order. During your opponent\'s turn, if a FIRE monster is in your GY (Quick Effect): You can target 1 Rock monster in your GY; Special Summon it. You can only use each effect of \"Adamancipator Risen - Leonite\" once per turn.',1,3,6,2400,2200,4,'https://images.ygoprodeck.com/images/cards/47674738.jpg','MP21'),(141,'Adamancipator Risen - Raptite','1 Tuner + 1+ non-Tuner monsters\r\nDuring your Main Phase: You can excavate the top 5 cards of your Deck, and if you do, you can Special Summon 1 excavated Rock monster in Defense Position, also place the rest on the bottom of your Deck in any order. During your opponent\'s turn, if a WIND monster is in your GY (Quick Effect): You can target 1 card in your opponent\'s GY; banish it. You can only use each effect of \"Adamancipator Risen - Raptite\" once per turn.',1,5,6,2200,2800,4,'https://images.ygoprodeck.com/images/cards/73079836.jpg','MP21'),(142,'Adamancipator Seeker','If you control an \"Adamancipator\" monster, except \"Adamancipator Seeker\": You can Special Summon this card from your hand. During your Main Phase: You can excavate the top 5 cards of your Deck, and if you do, you can Special Summon 1 excavated Level 4 or lower non-Tuner Rock monster, also place the rest on the bottom of your Deck in any order. You can only use each effect of \"Adamancipator Seeker\" once per turn.',1,6,2,1200,1000,3,'https://images.ygoprodeck.com/images/cards/48519867.jpg','MP21'),(143,'Adamancipator Signs','Target 1 Rock monster in your GY; Special Summon it in Defense Position, then, if you Special Summoned an \"Adamancipator\" monster by this effect, you can take 1 Level 4 or lower Rock monster from your Deck and place it on top of your Deck.',2,NULL,NULL,NULL,NULL,1,'https://images.ygoprodeck.com/images/cards/72957245.jpg','MP21'),(144,'Additional Mirror Level 7','If a Level 7 monster(s) is Special Summoned to your field: Send 2 \"Additional Mirror Level 7\" from your hand and/or Deck to the GY, then target 1 of those monsters; Special Summon 2 monsters with the same name as that target from your Deck, then take damage equal to their combined original ATK, also, for the rest of this turn after this card resolves, you can only Special Summon from the Extra Deck once.',2,NULL,NULL,NULL,NULL,4,'https://images.ygoprodeck.com/images/cards/23812568.jpg','BLMR'),(145,'Adhesion Trap Hole','When your opponent Summons a monster(s): Halve that monster(s)\'s original ATK.',3,NULL,NULL,NULL,NULL,1,'https://images.ygoprodeck.com/images/cards/62325062.jpg','DR1'),(146,'Adhesive Explosive','Before damage calculation, if this card was attacked by an opponent\'s monster and was in face-down Defense Position at the start of the Damage Step: Equip this card to the attacking monster. Then, during your opponent\'s next Standby Phase, destroy the monster this card is equipped to.',1,5,3,1000,1000,1,'https://images.ygoprodeck.com/images/cards/53828396.jpg','DR04'),(147,'Adreus, Keeper of Armageddon','2 Level 5 monsters\nOnce per turn: You can detach 1 Xyz Material from this card to target 1 face-up card your opponent controls; destroy it.',1,2,5,2600,1700,2,'https://images.ygoprodeck.com/images/cards/94119480.jpg','BP01'),(148,'Adularia of the June Moon','If you control a face-up card in your Spell & Trap Zone, you can Special Summon this card (from your hand). You can only Special Summon \"Adularia of the June Moon\" once per turn this way. Gains 600 ATK/DEF for each face-up Spell/Trap on the field. You can send 2 face-up cards from your Spell & Trap Zone to the GY; send 1 Level 4 or lower monster from your Deck to the GY. You can only use this effect of \"Adularia of the June Moon\" once per turn.',1,4,5,1000,1000,3,'https://images.ygoprodeck.com/images/cards/15464375.jpg','CYAC'),(149,'Advance Draw','Tribute 1 face-up Level 8 or higher monster you control; draw 2 cards.',2,NULL,NULL,NULL,NULL,1,'https://images.ygoprodeck.com/images/cards/51630558.jpg','ANPR'),(150,'Advance Force','You can Tribute 1 Level 5 or higher monster to Tribute Summon a Level 7 or higher monster.',2,NULL,NULL,NULL,NULL,1,'https://images.ygoprodeck.com/images/cards/38589847.jpg','ABPF'),(151,'Advance Zone','Once per turn, during the End Phase of any turn in which you Tribute Summoned a monster(s): You can apply these effects, in sequence, based on the number of monsters you Tributed for Tribute Summons this turn.\n● 1 or more: Destroy 1 Set card your opponent controls.\n● 2 or more: Draw 1 card.\n● 3 or more: Add 1 monster from your Graveyard to your hand.',2,NULL,NULL,NULL,NULL,1,'https://images.ygoprodeck.com/images/cards/76224717.jpg','OP01'),(152,'Advanced Crystal Beast Amber Mammoth','If \"Advanced Dark\" is not in a Field Zone, send this monster to the GY. Once per turn, when your opponent activates a card or effect that targets your \"Advanced Crystal Beast\" card(s) or \"Advanced Dark\" (Quick Effect): You can negate the activation. Once per turn, when your \"Advanced Crystal Beast\" monster is targeted for an attack: You can negate that attack. If this face-up card is destroyed in a Monster Zone, you can place it face-up in your Spell & Trap Zone as a Continuous Spell, instead of sending it to the GY.',1,6,4,1700,1600,5,'https://images.ygoprodeck.com/images/cards/18847598.jpg','BLCR'),(153,'Advanced Crystal Beast Amethyst Cat','If \"Advanced Dark\" is not in a Field Zone, send this monster to the GY. Your \"Advanced Crystal Beast\" monsters can attack directly, but when they do so using this effect, the battle damage inflicted to your opponent is halved. If this face-up card is destroyed in a Monster Zone, you can place it face-up in your Spell & Trap Zone as a Continuous Spell, instead of sending it to the GY.',1,6,3,1200,400,5,'https://images.ygoprodeck.com/images/cards/19963185.jpg','BLCR'),(154,'Advanced Crystal Beast Cobalt Eagle','If \"Advanced Dark\" is not in a Field Zone, send this monster to the GY. You can send this card from your hand or field to the GY; add 1 \"Advanced Dark\" from your Deck to your hand. Once per turn: You can target 1 \"Advanced Crystal Beast\" card you control; return it to the hand or place it on top of the Deck. If this face-up card is destroyed in a Monster Zone, you can place it face-up in your Spell & Trap Zone as a Continuous Spell, instead of sending it to the GY.',1,5,4,1400,800,5,'https://images.ygoprodeck.com/images/cards/45236142.jpg','BLCR'),(155,'Advanced Crystal Beast Emerald Tortoise','If \"Advanced Dark\" is not in a Field Zone, send this monster to the GY. Once per turn (Quick Effect): You can target 1 face-up monster on the field; change its battle position. If this face-up card is destroyed in a Monster Zone, you can place it face-up in your Spell & Trap Zone as a Continuous Spell, instead of sending it to the GY.',1,4,3,600,2000,5,'https://images.ygoprodeck.com/images/cards/46358784.jpg','BLCR'),(156,'Advanced Crystal Beast Ruby Carbuncle','If \"Advanced Dark\" is not in a Field Zone, send this monster to the GY. If this face-up card is destroyed in a Monster Zone, you can place it face-up in your Spell & Trap Zone as a Continuous Spell, instead of sending it to the GY. While this card is treated as a Continuous Spell: You can Special Summon this card, then you can Special Summon as many \"Advanced Crystal Beast\" Monster Cards as possible from your Spell & Trap Zones. You can only use this effect of \"Advanced Crystal Beast Ruby Carbuncle\" once per turn.',1,1,3,300,300,5,'https://images.ygoprodeck.com/images/cards/83575471.jpg','BLCR'),(157,'Advanced Crystal Beast Sapphire Pegasus','If \"Advanced Dark\" is not in a Field Zone, send this monster to the GY. If this card is Summoned: You can place 1 of your \"Advanced Crystal Beast\" monsters that is banished, or in your hand, Deck, or GY, face-up in your Spell & Trap Zone as a Continuous Spell. If this face-up card is destroyed in a Monster Zone, you can place it face-up in your Spell & Trap Zone as a Continuous Spell, instead of sending it to the GY.',1,5,4,1800,1200,5,'https://images.ygoprodeck.com/images/cards/71620241.jpg','BLCR'),(158,'Advanced Crystal Beast Topaz Tiger','If \"Advanced Dark\" is not in a Field Zone, send this monster to the GY. All \"Advanced Crystal Beast\" monsters you control gain 400 ATK/DEF, also monsters your opponent controls lose 400 ATK/DEF. If this face-up card is destroyed in a Monster Zone, you can place it face-up in your Spell & Trap Zone as a Continuous Spell, instead of sending it to the GY.',1,6,4,1600,1000,5,'https://images.ygoprodeck.com/images/cards/72843899.jpg','BLCR'),(159,'Advanced Dark','All \"Crystal Beast\" monsters on the field and in the GY become DARK. If an \"Ultimate Crystal\" monster attacks, negate the effects of the attack target during that Battle Phase. During damage calculation, if a \"Crystal Beast\" monster you control battles and you would take damage: You can send 1 \"Crystal Beast\" monster from your Deck to the GY; you take no battle damage from that battle.',2,NULL,NULL,NULL,NULL,4,'https://images.ygoprodeck.com/images/cards/12644061.jpg','BLCR'),(160,'Advanced Heraldry Art','Target 2 \"Heraldic Beast\" monsters in your Graveyard; Special Summon both those targets. Immediately after this card resolves, Xyz Summon 1 Xyz Monster using those 2 monsters only.',2,NULL,NULL,NULL,NULL,2,'https://images.ygoprodeck.com/images/cards/61314842.jpg','ABYR'),(161,'Advanced Ritual Art','This card is used to Ritual Summon any 1 Ritual Monster. You must also send Normal Monsters from your Deck to the GY whose total Levels equal the Level of that Ritual Monster.',2,NULL,NULL,NULL,NULL,3,'https://images.ygoprodeck.com/images/cards/46052429.jpg','AP05'),(162,'Aegaion the Sea Castrum','2 Level 8 monsters\nDuring either player\'s turn: You can banish 1 random face-down monster from your opponent\'s Extra Deck, face-up, and if you do, this card\'s ATK becomes equal to the banished monster\'s. During either player\'s turn: You can detach 1 Xyz Material from this card, then target 1 of your opponent\'s banished Fusion, Synchro, or Xyz Monsters; return it to the Extra Deck, and if you do, destroy 1 monster your opponent controls with the same monster card type (Fusion, Synchro, or Xyz). You can only use each effect of \"Aegaion the Sea Castrum\" once per turn.',1,4,8,-1,3000,1,'https://images.ygoprodeck.com/images/cards/10678778.jpg','MP16'),(163,'Aegis of Gaia','Gain 3000 Life Points. If this face-up card is removed from the field, take 3000 damage.',3,NULL,NULL,NULL,NULL,1,'https://images.ygoprodeck.com/images/cards/47060347.jpg','GLD3'),(164,'Aegis of the Ocean Dragon Lord','Until the End Phase, face-up Level 3 or lower WATER monsters you control cannot be destroyed by battle or by card effects.',3,NULL,NULL,NULL,NULL,1,'https://images.ygoprodeck.com/images/cards/7935043.jpg','ANPR'),(165,'Aerial Eater','2 Fiend monsters with the same Attribute\r\nIf this card is Fusion Summoned: You can send 1 Fiend monster from your Deck to the GY. If this card is in your GY: You can banish 2 Level 6 or higher Fiend monsters with the same Attribute as each other from your GY, except \"Aerial Eater\"; Special Summon this card. You can only use each effect of \"Aerial Eater\" once per turn.',1,5,6,2100,2600,4,'https://images.ygoprodeck.com/images/cards/28143384.jpg','MP25'),(166,'Aerial Recharge','Once per turn: You can Special Summon 1 \"Mecha Phantom Beast Token\" (Machine-Type/WIND/Level 3/ATK 0/DEF 0). During each player\'s End Phase, Tribute 1 Token or \"Mecha Phantom Beast\" monster, or send this card to the Graveyard.',3,NULL,NULL,NULL,NULL,1,'https://images.ygoprodeck.com/images/cards/70875955.jpg','MP14'),(167,'Aeropixthree','Once per turn (Quick Effect): You can target 1 face-up monster your opponent controls in this card\'s column; move this card you control to another of your Main Monster Zones, and if you do, move that opponent\'s monster to their Main Monster Zone in this card\'s column, then place 1 Burnup Counter on it. (Monsters with Burnup Counters lose 200 ATK/DEF for each Burnup Counter on it.)',1,5,1,200,200,1,'https://images.ygoprodeck.com/images/cards/83094004.jpg','MP22'),(168,'Aether, the Empowering Dragon','When this card is Pendulum Summoned: You can target 1 card on the field; return it to the hand. You can only use this effect of \"Aether, the Empowering Dragon\" once per turn.',1,1,6,2300,1600,1,'https://images.ygoprodeck.com/images/cards/56804361.jpg','DEM3'),(169,'Aether, the Evil Empowering Dragon','[ Pendulum Effect ] \nOnce per turn: You can banish 1 \"Empowered Warrior\" monster from your Graveyard, then target 1 card on the field; destroy it.\n\n[ Monster Effect ] \nWhen this card is Normal or Special Summoned: You can target 1 monster on the field; banish it.',1,2,6,2300,1600,3,'https://images.ygoprodeck.com/images/cards/28865322.jpg','CT13'),(170,'After the Storm','If there are no other cards on the field: Target 1 WATER or WIND monster in your Graveyard; add that target to your hand.',2,NULL,NULL,NULL,NULL,1,'https://images.ygoprodeck.com/images/cards/82263578.jpg','CBLZ'),(171,'After the Struggle','This card can only be activated during Main Phase 1. All monsters on both sides of the field that have been involved in damage calculation are destroyed during the End Step of the turn.',2,NULL,NULL,NULL,NULL,1,'https://images.ygoprodeck.com/images/cards/25345186.jpg','DB2'),(172,'Afterglow','Banish this card, and as many \"Afterglow\" from your hand, Deck, GY, and face-up field as possible, then shuffle 1 of your banished \"Afterglow\" into the Deck. During your next Draw Phase, reveal the card you draw for your normal draw, and inflict 4000 damage to your opponent if it is \"Afterglow\". You can only activate 1 \"Afterglow\" per Duel.',2,NULL,NULL,NULL,NULL,4,'https://images.ygoprodeck.com/images/cards/43575579.jpg','BLAR'),(173,'Against the Wind','Select 1 \"Blackwing\" monster in your Graveyard. Take damage equal to the ATK of the selected monster, and add it to your hand.',2,NULL,NULL,NULL,NULL,1,'https://images.ygoprodeck.com/images/cards/64952266.jpg','DP11'),(174,'Agave Dragon','2+ monsters, except Tokens\r\nIf this card is Link Summoned: You can apply these effects in sequence, depending on the Types of monsters in the GYs (skip over any that do not apply). You can only use this effect of \"Agave Dragon\" once per turn.\r\n● Inflict 100 damage to your opponent for each Dragon.\r\n● This card gains 200 ATK for each Dinosaur.\r\n● All monsters your opponent currently controls lose 300 ATK for each Sea Serpent.\r\n● You gain 400 LP for each Wyrm.',1,6,NULL,3000,NULL,1,'https://images.ygoprodeck.com/images/cards/2411269.jpg','MP19'),(175,'Ages of Stars and Frost','If a monster(s) you control was destroyed by your Spell effect or your opponent\'s card effect and sent to the GY this turn: You can conduct your next Battle Phase twice. If a monster you control is shuffled into the Deck or returned to the Extra Deck face-down, while this card is in your GY: You can add this card to your hand. You can only use this effect of \"Ages of Stars and Frost\" once per turn.',2,NULL,NULL,NULL,NULL,1,'https://images.ygoprodeck.com/images/cards/27822206.jpg','MP25'),(176,'Agido','When this card is destroyed and sent to the Graveyard as a result of battle, roll a six-sided die. You can Special Summon 1 Fairy-Type monster from your Graveyard whose Level is equal to the number rolled. (If the result is 6, you can Special Summon a Level 6 or higher monster.)',1,6,4,1500,1300,1,'https://images.ygoprodeck.com/images/cards/16135253.jpg','DCR'),(177,'Agido the Ancient Sentinel','If a card(s) is sent from the hand or Deck to your opponent\'s GY (except during the Damage Step): You can Special Summon this card from your hand, then you can Special Summon 1 Level 4 EARTH Fairy monster from your GY, except \"Agido the Ancient Sentinel\". If this card is sent from the hand or Deck to the GY: You can activate this effect; each player sends the top 5 cards of their Deck to the GY (or their entire Deck, if less than 5), then, if \"Exchange of the Spirit\" is in your GY, you can send 5 more cards from the top of either player\'s Deck to the GY. You can only use each effect of \"Agido the Ancient Sentinel\" once per turn.',1,6,4,1500,1300,4,'https://images.ygoprodeck.com/images/cards/62320425.jpg','MAMA'),(178,'Agnimal Candle','If this card is added to your hand, except by drawing it: You can Special Summon this card. You can only use this effect of \"Agnimal Candle\" once per turn. Once per Chain, up to thrice per turn, if a monster is sent to your GY (except during the Damage Step): You can increase or decrease this card\'s Level by 1.',1,3,4,1700,0,4,'https://images.ygoprodeck.com/images/cards/13014905.jpg','MP24'),(179,'Ahrima, the Wicked Warden','You can discard this card; add 1 \"Lair of Darkness\" from your Deck to your hand. You can Tribute 1 DARK monster; draw 1 card, or, if you Tributed a DARK monster other than this card to activate this effect, you can add 1 DARK monster with 2000 or more DEF from your Deck to your hand, instead. You can only use this effect of \"Ahrima, the Wicked Warden\" once per turn.',1,2,4,1700,0,1,'https://images.ygoprodeck.com/images/cards/86377375.jpg','EGS1'),(180,'Aileron','(This card is always treated as a \"Sky Striker\" card.)\r\nA \"Sky Striker Ace\" monster equipped with this card gains 400 ATK. You can only use 1 of the following effects of \"Aileron\" per turn, and only once that turn. During the Main Phase (Quick Effect): You can target 1 \"Sky Striker Ace\" monster you control; equip this card from your hand or field to it. If this card on the field is destroyed: You can send 1 \"Sky Striker\" Spell from your Deck to the GY.',1,5,1,0,0,4,'https://images.ygoprodeck.com/images/cards/96084564.jpg','MAMA'),(181,'Air Armor Ninja','When this card is Summoned: You can target 1 \"Ninja\" monster you control; reduce its Level by 1.',1,5,4,1400,1400,1,'https://images.ygoprodeck.com/images/cards/69023354.jpg','ORCS'),(182,'Air Cracking Storm','Equip only to a Machine monster. When that attacking monster destroys your opponent\'s monster by battle: You can activate this effect; it can make a second attack during this Battle Phase. Your other monsters cannot attack the turn you activate this effect.',2,NULL,NULL,NULL,NULL,1,'https://images.ygoprodeck.com/images/cards/98864751.jpg','MP18'),(183,'Air Eater','\'\'A monster that feeds on oxygen, suffocating any who stand near.\'\'',1,5,6,2100,1600,1,'https://images.ygoprodeck.com/images/cards/8353769.jpg','UNKNOWN'),(184,'Airknight Parshath','If this card attacks a Defense Position monster, inflict piercing battle damage. If this card inflicts battle damage to your opponent: Draw 1 card.',1,1,5,1900,1400,1,'https://images.ygoprodeck.com/images/cards/18036057.jpg','BP02'),(185,'Airorca','Once per turn: You can banish 1 Fish, Sea Serpent, or Aqua-Type monster from your hand, then target 1 face-up card your opponent controls; destroy that target, then banish this card until your next Standby Phase.',1,5,3,1400,300,1,'https://images.ygoprodeck.com/images/cards/84747429.jpg','BP03'),(186,'Aitsu','He seems to be very unreliable, but he might have incredible potential.',1,3,5,100,100,1,'https://images.ygoprodeck.com/images/cards/48202661.jpg','DR1'),(187,'Aiwass, the Magistus Spell Spirit','1 \"Magistus\" monster + 1 Spellcaster monster\r\nWhile this card is an Equip Card, the equipped monster gains 1000 ATK/DEF. During the Main Phase (Quick Effect): You can target 1 other face-up monster on the field; equip this card you control to it. If this card was equipped to an opponent\'s monster by this effect, take control of the equipped monster, also it cannot activate its effects. You can only use this effect of \"Aiwass, the Magistus Spell Spirit\" once per turn.',1,5,8,2000,2800,3,'https://images.ygoprodeck.com/images/cards/35877582.jpg','GEIM'),(188,'Aiza the Dragoness of Deranged Devotion','If this card is Special Summoned: You can place 1 Deranged Counter on 1 face-up monster your opponent controls, and it cannot be used as material for a Fusion, Synchro, Xyz, or Link Summon while it has that counter. At the start of the Damage Step, if this card battles an opponent\'s monster with a Deranged Counter: You can destroy that opponent\'s monster, and if you do, both players take damage equal to its original ATK, also destroy this card at the end of this Battle Phase. You can only use each effect of \"Aiza the Dragoness of Deranged Devotion\" once per turn.',1,3,4,1500,0,1,'https://images.ygoprodeck.com/images/cards/63378869.jpg','MP25'),(189,'Akakieisu','\'\'A sorcerer who utters spells that render monsters unconscious.\'\'',1,2,3,1000,800,1,'https://images.ygoprodeck.com/images/cards/38035986.jpg','UNKNOWN'),(190,'Akashic Magician','2 monsters with the same Type, except Tokens\r\nYou can only Link Summon \"Akashic Magician(s)\" once per turn. If this card is Link Summoned: Return all monsters this card points to to the hand. Once per turn: You can declare 1 card name; excavate cards from the top of your Deck, equal to the total Link Rating of the Link Monsters co-linked to this card, then if you excavated any copies of the declared card, add them to your hand, also send the remaining cards to the GY.',1,2,NULL,1700,NULL,5,'https://images.ygoprodeck.com/images/cards/28776350.jpg','CIBR'),(191,'Akihiron','\'\'This strange creature hides in the deep, dark corners of the seven seas.\'\'',1,4,5,1700,1400,1,'https://images.ygoprodeck.com/images/cards/36904469.jpg','UNKNOWN'),(192,'Akz, the Pumer','This card cannot be Normal Summoned or Set. This card can only be Special Summoned by removing from play 2 Beast-Warrior-Type monsters in your Graveyard. Once per turn, you can discard 1 Beast-Warrior-Type monster to activate 1 of the following effects: ● Double this card\'s ATK until the End Phase. ● This card can attack your opponent directly this turn.',1,6,6,1500,1000,2,'https://images.ygoprodeck.com/images/cards/38837163.jpg','TSHD'),(193,'Al-Lumi\'raj','All monsters on the field lose ATK and DEF equal to their own Level/Rank x 300.',1,5,3,1600,1000,1,'https://images.ygoprodeck.com/images/cards/25795273.jpg','MP16'),(194,'Alba-Lenatus the Abyss Dragon','1 \"Fallen of Albaz\" + 1+ Dragon monsters\r\nCannot be used as Fusion Material. Must be either Fusion Summoned, or Special Summoned by sending the above cards from any Monster Zones to the GY. This card can attack monsters a number of times each Battle Phase, up to the number of materials used for it. Once per turn, during the End Phase, if this card is in the GY because it was sent there this turn: You can add 1 \"Polymerization\" Normal Spell or \"Fusion\" Normal Spell from your Deck to your hand.',1,2,8,2500,2500,4,'https://images.ygoprodeck.com/images/cards/3410461.jpg','MP23'),(195,'Albaz the Ashen','This card\'s name becomes \"Fallen of Albaz\" while on the field or in the GY. While a Level 8 Fusion Monster is in your GY, this card gains 200 ATK for each monster in your GY, also your opponent cannot target other monsters you control with card effects. If a monster(s) you control leaves the field by an opponent\'s card effect, while this card and a Fusion Monster are in your GY (except during the Damage Step): You can Special Summon this card. You can only use this effect of \"Albaz the Ashen\" once per turn.',1,2,4,1800,0,1,'https://images.ygoprodeck.com/images/cards/37683547.jpg','MP23'),(196,'Albion the Branded Dragon','\"Fallen of Albaz\" + 1 LIGHT monster\r\nIf this card is Fusion Summoned: You can Fusion Summon 1 Level 8 or lower Fusion Monster from your Extra Deck, except \"Albion the Branded Dragon\", by banishing Fusion Materials mentioned on it from your hand, field, and/or GY. During the End Phase, if this card is in the GY because it was sent there this turn: You can add to your hand or Set 1 \"Branded\" Spell/Trap directly from your Deck. You can only use each effect of \"Albion the Branded Dragon\" once per turn.',1,2,8,2500,2000,1,'https://images.ygoprodeck.com/images/cards/87746184.jpg','MP22'),(197,'Albion the Sanctifire Dragon','\"Fallen of Albaz\" + 1 LIGHT Spellcaster monster\r\nCannot be used as Fusion Material. Your opponent cannot target this card with card effects. You can only use each of the following effects of \"Albion the Sanctifire Dragon\" once per turn. During your opponent\'s turn (Quick Effect): You can target 2 monsters in any GY(s); Special Summon both monsters, 1 to each field. If this card is in your GY: You can Tribute 4 monsters, the 2 in the Extra Monster Zones and the 2 in the central Main Monster Zones, and if you do, Special Summon this card.',1,1,8,3000,2500,1,'https://images.ygoprodeck.com/images/cards/38811586.jpg','MP24'),(198,'Albion the Shrouded Dragon','This card\'s name becomes \"Fallen of Albaz\" while on the field or in the GY. If this card is in your hand or GY: You can send 1 \"Fallen of Albaz\" or 1 \"Branded\" Spell/Trap from your hand or Deck to the GY; apply the following effect based on where you sent it from.\r\n● Hand: Special Summon this card.\r\n● Deck: Place this card on the bottom of the Deck, then, if you placed this card from your hand, draw 1 card.\r\nYou can only use this effect of \"Albion the Shrouded Dragon\" once per turn.',1,2,8,2500,2000,1,'https://images.ygoprodeck.com/images/cards/25451383.jpg','MP22'),(199,'Alchemic Magician','3 Level 4 Spellcaster-Type monsters\nThis card gains 200 ATK for each Spell Card in your Graveyard. Once per turn, during your End Phase: You can detach 1 Xyz Material from this card and send 1 card from your hand to the Graveyard; choose 1 Spell Card from your Deck, then Set it in your Spell & Trap Card Zone.',1,2,4,1500,1500,3,'https://images.ygoprodeck.com/images/cards/65301952.jpg','REDU'),(200,'Alchemist of Black Spells','Once per turn, you can change this face-up Attack Position card you control to face-up Defense Position and place 1 Spell Counter on a face-up card you control that you can place a Spell Counter on.',1,5,4,1200,1800,1,'https://images.ygoprodeck.com/images/cards/78121572.jpg','ABPF'),(201,'Alchemy Cycle','The original ATK of all face-up monsters you control becomes 0, until the End Phase. Each time a monster that had its original ATK reduced to 0 by this effect is destroyed by battle and sent to the Graveyard, draw 1 card.',3,NULL,NULL,NULL,NULL,1,'https://images.ygoprodeck.com/images/cards/65384019.jpg','PTDN'),(202,'Alector, Sovereign of Birds','If your opponent controls 2 or more face-up monsters of the same Attribute, you can Special Summon this card (from your hand). Once per turn: You can target 1 face-up card on the field; that target\'s effects are negated during this turn. There can only be 1 face-up \"Alector, Sovereign of Birds\" on the field.',1,5,6,2400,2000,1,'https://images.ygoprodeck.com/images/cards/17573739.jpg','BP01'),(203,'Aleirtt, the Ogdoadic Dark','If this card is in your GY: You can Tribute 1 monster; Special Summon this card, then your opponent can add 1 monster from their GY to their hand. If this card is Special Summoned: You can target 2 of your banished monsters, including a Reptile monster; return them to the GY. You can only use each effect of \"Aleirtt, the Ogdoadic Dark\" once per turn.',1,2,8,2000,800,3,'https://images.ygoprodeck.com/images/cards/98787535.jpg','ANGU'),(204,'Aleister the Invoker','(Quick Effect): You can send this card from your hand to the GY, then target 1 Fusion Monster you control; it gains 1000 ATK/DEF until the end of this turn. If this card is Normal Summoned or flipped face-up: You can add 1 \"Invocation\" from your Deck to your hand.',1,2,4,1000,1800,3,'https://images.ygoprodeck.com/images/cards/86120751.jpg','FUEN'),(205,'Aleister the Invoker of Madness','2 monsters with different Types and different Attributes\r\nThis card\'s name becomes \"Aleister the Invoker\" while on the field or in the GY. If a monster is Fusion Summoned while you control this monster (except during the Damage Step): You can discard 1 card, and if you do, add 1 \"Invocation\" or \"The Book of the Law\" from your Deck to your hand. If this face-up card you control leaves the field because of an opponent\'s card effect: You can add 1 \"Omega Summon\" from your Deck to your hand.',1,2,0,1800,NULL,1,'https://images.ygoprodeck.com/images/cards/97973962.jpg','GEIM'),(206,'ALERT!','(This card is always treated as a \"Rescue-ACE\" card.)\r\nAdd 1 \"Rescue-ACE\" monster from your GY to your hand, or if you control \"Rescue-ACE Hydrant\", you can add 1 \"Rescue-ACE\" monster from your Deck to your hand instead. You can only activate 1 \"ALERT!\" per turn.',2,NULL,NULL,NULL,NULL,4,'https://images.ygoprodeck.com/images/cards/26372118.jpg','AMDE'),(207,'Alexandrite Dragon','Many of the czars\' lost jewels can be found in the scales of this priceless dragon. Its creator remains a mystery, along with how they acquired the imperial treasures. But whosoever finds this dragon has hit the jackpot... whether they know it or not.',1,1,4,2000,100,1,'https://images.ygoprodeck.com/images/cards/43096270.jpg','YS15'),(208,'Alghoul Mazera','If a Zombie monster(s) you control would be destroyed by battle or card effect, you can banish this card from your hand or GY instead. If this card is banished from the hand or GY: You can Special Summon this card in Defense Position, then you can reduce its Level by 1. You can only use each effect of \"Alghoul Mazera\" once per turn.',1,6,8,2800,2300,1,'https://images.ygoprodeck.com/images/cards/45154513.jpg','DIFO'),(209,'Alice, Lady of Lament','When this card is Normal Summoned: You can target 1 \"Lady of Lament\" monster in your GY; Special Summon it. You can only use each of the following effects of \"Alice, Lady of Lament\" once per turn. You can banish 1 Trap from your hand or GY; Special Summon this card from your hand. If this card is Tributed, or if this card in its owner\'s possession is destroyed by an opponent\'s card: You can add 1 Fiend monster whose combined ATK & DEF equal 2000 from your Deck to your hand, except \"Alice, Lady of Lament\".',1,2,3,0,2000,3,'https://images.ygoprodeck.com/images/cards/14504454.jpg','BACH'),(210,'Alich, Malebranche of the Burning Abyss','If you control a monster that is not a \"Burning Abyss\" monster, destroy this card. You can only use 1 of these effects of \"Alich, Malebranche of the Burning Abyss\" per turn, and only once that turn.\n● If you control no Spell/Trap Cards: You can Special Summon this card from your hand.\n● If this card is sent to the Graveyard: You can target 1 face-up monster on the field; negate its effects until the end of this turn.',1,2,3,1200,0,1,'https://images.ygoprodeck.com/images/cards/47728740.jpg','PGL3'),(211,'Alien Ammonite','When this card is Normal Summoned, you can Special Summon 1 Level 4 or lower \"Alien\" monster from your Graveyard. Destroy it during the End Phase.',1,1,1,500,200,2,'https://images.ygoprodeck.com/images/cards/652362.jpg','CRMS'),(212,'Alien Brain','When a Reptile-Type monster you control is destroyed by battle with an opponent\'s attacking monster and sent to the Graveyard: Take control of the opponent\'s monster, and if you do, it becomes Reptile-Type.',3,NULL,NULL,NULL,NULL,1,'https://images.ygoprodeck.com/images/cards/17490535.jpg','ABPF'),(213,'Alien Dog','When you Normal Summon an \"Alien\" monster, you can Special Summon this card from your hand. When you do, place 2 A-Counters on face-up monster(s) your opponent controls.',1,1,3,1500,1000,1,'https://images.ygoprodeck.com/images/cards/15475415.jpg','RGBT'),(214,'Alien Grey','FLIP: Place 1 A-Counter on 1 face-up monster on your opponent\'s side of the field. (If a monster with an A-Counter battles an \"Alien\" monster, it loses 300 ATK and DEF for each A-Counter during damage calculation only.) After this card has been flipped face-up, when it is destroyed by battle and sent to the Graveyard, draw 1 card.',1,1,2,300,800,1,'https://images.ygoprodeck.com/images/cards/62437709.jpg','POTD'),(215,'Alien Hunter','If this card destroys a monster with an A-Counter by battle, it can attack once again in a row.',1,4,4,1600,800,1,'https://images.ygoprodeck.com/images/cards/62315111.jpg','POTD'),(216,'Alien Hypno','This card is treated as a Normal Monster while face-up on the field or in the Graveyard. While this card is face-up on the field, you can Normal Summon it to have it be treated as an Effect Monster with this effect:\n● During your Main Phase, you can select 1 monster your opponent controls with an A-Counter(s), and take control of it while this card is on the field. During each of your End Phases, remove 1 A-Counter from each controlled monster. If all A-Counters are removed from one of these monsters, destroy it.',1,4,4,1600,700,1,'https://images.ygoprodeck.com/images/cards/38468214.jpg','GLAS'),(217,'Alien Infiltrator','Once per turn, this card can move to an adjacent (horizontal) unoccupied Monster Card Zone. If no Spell, Trap or Monster Card on your opponent\'s side of the field is in the same column as this card, it can attack your opponent directly.',1,6,2,800,500,1,'https://images.ygoprodeck.com/images/cards/76573247.jpg','CDIP'),(218,'Alien Kid','Place 1 A-Counter on all monsters Special Summoned to your opponent\'s side of the field. (If a monster with an A-Counter battles an \"Alien\" monster, it loses 300 ATK and DEF for each A-Counter during damage calculation only.)',1,1,4,1600,700,3,'https://images.ygoprodeck.com/images/cards/64160836.jpg','CRMS'),(219,'Alien Mars','The effects of Effect Monsters with A-Counters are negated, except for \"Alien Mars\".',1,3,3,1000,1000,1,'https://images.ygoprodeck.com/images/cards/99532708.jpg','CDIP'),(220,'Alien Mother','If this card destroys a monster with an A-Counter by battle and sends it to the Graveyard, Special Summon the destroyed monster to your side of the field at the end of the Battle Phase. When this card is removed from the field, all monsters that were Special Summoned by this card\'s effect are destroyed.',1,2,6,2300,1500,1,'https://images.ygoprodeck.com/images/cards/24104865.jpg','CP08'),(221,'Alien Overlord','You can remove 2 A-Counters from anywhere on the field to Special Summon this card from your hand. Once per turn, you can place 1 A-Counter on each face-up monster your opponent controls. (If a monster with an A-Counter battles an \"Alien\" monster, it loses 300 ATK and DEF for each A-Counter during damage calculation only.) You can only control 1 \"Alien Overlord\".',1,2,6,2200,1600,2,'https://images.ygoprodeck.com/images/cards/63253763.jpg','CRMS'),(222,'Alien Psychic','This card is changed to Defense Position when it is Normal Summoned or Flip Summoned. Monsters with A-Counters cannot declare an attack.',1,2,1,200,100,1,'https://images.ygoprodeck.com/images/cards/58012107.jpg','STON'),(223,'Alien Shocktrooper','The Aliens have used a mysterious biological substance to create a supreme race of soldiers. They do not have the natural powers of the other Aliens, but can make stunning physical attacks.',1,6,4,1900,800,1,'https://images.ygoprodeck.com/images/cards/97127906.jpg','TAEV'),(224,'Alien Shocktrooper M-Frame','2 Reptile monsters\r\n(Quick Effect): You can discard 1 monster; place A-Counters equal to its original Level on face-up monster(s) on the field, distributed as you wish. If this card is destroyed by battle or card effect and sent to the GY: You can Special Summon non-Link Reptile monsters with different names from your GY, up to the number of monsters your opponent controls with A-Counters. You can only use each effect of \"Alien Shocktrooper M-Frame\" once per turn.',1,1,NULL,1900,NULL,4,'https://images.ygoprodeck.com/images/cards/74974229.jpg','DUOV'),(225,'Alien Skull','You can Tribute 1 face-up Level 3 or lower monster on your opponent\'s side of the field to Special Summon this card to your opponent\'s side of the field. If you Special Summon this monster this way, place 1 A-Counter on this card, and you cannot Normal Summon or Set the same turn. (If a monster with an A-Counter battles an \"Alien\" monster, it loses 300 ATK and DEF for each A-Counter during damage calculation only.)',1,5,4,1600,1800,1,'https://images.ygoprodeck.com/images/cards/25920413.jpg','POTD'),(226,'Alien Stealthbuster','If this card is sent to the GY: You can target 1 face-up monster on the field; place 2 A-Counters on it. During your Main Phase, except the turn this card was sent to the GY: You can banish this card from your GY, then target 1 card with an A-Counter; destroy it. You can only use each effect of \"Alien Stealthbuster\" once per turn.',1,1,4,1700,1500,1,'https://images.ygoprodeck.com/images/cards/58066722.jpg','DAMA'),(227,'Alien Telepath','Once per turn, you can remove 1 A-Counter from an opponent\'s monster to destroy 1 Spell or Trap Card. (If a monster with an A-Counter battles an \"Alien\" monster, it loses 300 ATK and DEF for each A-Counter during damage calculation only.)',1,3,4,1600,1000,2,'https://images.ygoprodeck.com/images/cards/91070115.jpg','GLAS'),(228,'Alien Warrior','When this card is destroyed by battle and sent to the Graveyard, place 2 A-Counters on the monster that destroyed it. (If a monster with an A-Counter battles an \"Alien\" monster, it loses 300 ATK and DEF for each A-Counter during damage calculation only.)',1,6,4,1800,1000,1,'https://images.ygoprodeck.com/images/cards/98719226.jpg','CP08'),(229,'Alinsection','A stag beetle with a saw-like head and arms.',1,6,3,950,700,1,'https://images.ygoprodeck.com/images/cards/70924884.jpg','SS03'),(230,'All-Eyes Phantom Dragon','[ Pendulum Effect ] \nOnce per turn, at the end of the Damage Step, if your Dragon Pendulum Monster attacked an opponent\'s monster: You can activate this effect; it can attack again in a row. You cannot declare attacks the turn you activate this effect, except with that monster.\n\n[ Monster Effect ] \nCannot be Normal Summoned/Set. Must be Special Summoned (from your hand or face-up Extra Deck) by Tributing all monsters you control (min. 2), including a Dragon Pendulum Monster. You can only Special Summon \"All-Eyes Phantom Dragon\" once per turn this way. Once per turn, during damage calculation, if this card battles an opponent\'s monster: Double this card\'s current ATK until the end of this turn. Once per turn, when your opponent activates a Spell/Trap Card or effect (Quick Effect): You can send 1 Spell/Trap you control to the GY; negate the activation.',1,1,10,3000,2500,5,'https://images.ygoprodeck.com/images/cards/70335319.jpg','BLHR'),(231,'All-Out Attacks','If a monster(s) is Special Summoned while this card is face-up on the field: Change that monster to face-up Attack Position, and must attack, if able, during the turn they are Special Summoned.',3,NULL,NULL,NULL,NULL,1,'https://images.ygoprodeck.com/images/cards/30834988.jpg','OP11'),(232,'Allied Code Talker @Ignister','3+ Effect Monsters\r\nIf this card is Link Summoned: You can Special Summon as many Cyberse monsters with 2300 ATK from your GY as possible to your zones this card points to, and if you do, this card gains 500 ATK for each, also you cannot Special Summon for the rest of this turn. When your opponent activates a card or effect (Quick Effect): You can Tribute 1 of your Link Monsters this card points to; negate the activation, and if you do, banish that card. You can only use this effect of \"Allied Code Talker @Ignister\" once per turn.',1,2,NULL,2300,NULL,1,'https://images.ygoprodeck.com/images/cards/39138610.jpg','ALIN'),(233,'Alligator\'s Sword','ey, dis mighty lissard man can swing his sword so fast, dat it\'s more dan da speed a sound!',1,6,4,1500,1200,1,'https://images.ygoprodeck.com/images/cards/64428736.jpg','LCJW'),(234,'Alligator\'s Sword Dragon','\"Baby Dragon\" + \"Alligator\'s Sword\"\nThis card can attack your opponent directly if the only face-up monsters they control are EARTH, WATER, or FIRE.',1,5,5,1700,1500,1,'https://images.ygoprodeck.com/images/cards/3366982.jpg','DT04'),(235,'Allure Dance','When this card is activated: You can add 1 \"Allure Queen\" monster or 1 \"Allure Palace\" from your Deck to your hand. Each \"Allure Queen\" monster you control gains ATK, equal to the ATK of the monsters equipped to it by its effect. You can send 1 other Spell/Trap you control to the GY; Special Summon as many \"Allure Queen\" monsters with different names as possible from your GY. You can only use this effect of \"Allure Dance\" once per turn. You can only activate 1 \"Allure Dance\" per turn.',2,NULL,NULL,NULL,NULL,1,'https://images.ygoprodeck.com/images/cards/68316358.jpg','MZTM'),(236,'Allure of Darkness','Draw 2 cards, then banish 1 DARK monster from your hand, or, if you do not have any in your hand, send your entire hand to the GY.',2,NULL,NULL,NULL,NULL,4,'https://images.ygoprodeck.com/images/cards/1475311.jpg','BROL'),(237,'Allure Palace','Spellcaster monsters you control gain 500 ATK/DEF. You can send 1 card from your hand to the GY; add to your hand or Special Summon to your opponent\'s field, 1 \"Allure Queen\" monster from your Deck. You can only use this effect of \"Allure Palace\" thrice per turn. \"Allure Queen\" Effect Monsters you control gain this effect.\r\n● You can send this card equipped with a card(s) by its own effect to the GY; Special Summon 1 Spellcaster monster with 1500 or less ATK from your hand or Deck.',2,NULL,NULL,NULL,NULL,3,'https://images.ygoprodeck.com/images/cards/31322640.jpg','MZTM'),(238,'Allure Queen LV3','Once per turn, during your Main Phase, you can select 1 Level 3 or lower monster on your opponent\'s side of the field and equip it to this card. (Only 1 card at a time can be equipped due to this effect.) If this card would be destroyed by battle, the equipped monster is destroyed instead. During your Standby Phase, by sending this card to the Graveyard while it\'s equipped due to its effect, Special Summon 1 \"Allure Queen LV5\" from your hand or Deck.',1,2,3,500,500,1,'https://images.ygoprodeck.com/images/cards/87257460.jpg','CDIP'),(239,'Allure Queen LV5','Once per turn, during your Main Phase, if this card was Special Summoned by the effect of \"Allure Queen LV3\", you can select 1 Level 5 or lower monster on your opponent\'s side of the field and equip it to this card. (Only 1 card at a time can be equipped due to this effect.) If this card would be destroyed by battle, the equipped monster is destroyed instead. During your Standby Phase, by sending this card to the Graveyard while it\'s equipped due to its effect, Special Summon 1 \"Allure Queen LV7\" from your hand or Deck.',1,2,5,1000,1000,2,'https://images.ygoprodeck.com/images/cards/23756165.jpg','CDIP'),(240,'Allure Queen LV7','Once per turn, during your Main Phase, if this card was Special Summoned by the effect of \"Allure Queen LV5\", you can select 1 monster on your opponent\'s side of the field and equip it to this card. (Only 1 card at a time can be equipped due to this effect.) If this card would be destroyed by battle, the equipped monster is destroyed instead.',1,2,7,1500,1500,1,'https://images.ygoprodeck.com/images/cards/50140163.jpg','CDIP'),(241,'Alluring Mirror Split','When a \"Harpie Lady\" or \"Harpie Lady Sisters\" you control is destroyed by battle: You can Special Summon 1 \"Harpie\" monster from your Deck with a different original name than the destroyed monster. If this card you control is destroyed by a \"Harpie\" card\'s effect or your opponent\'s card effect: Target 1 \"Harpie\" monster in your GY; Special Summon it. You can only use each effect of \"Alluring Mirror Split\" once per turn.',2,NULL,NULL,NULL,NULL,1,'https://images.ygoprodeck.com/images/cards/92881099.jpg','LDS2'),(242,'Allvain the Essence of Vanity','2 Normal Monsters',1,2,2,0,2100,4,'https://images.ygoprodeck.com/images/cards/3544583.jpg','MP22'),(243,'Ally Mind','A high-performance unit developed to enhance the Artificial Intelligence program of the Allies of Justice. Loaded with elements collected from a meteor found in the Worm Nebula, it allows for highly tuned processing. But its full capacity is not yet determined.',1,2,5,1800,1400,1,'https://images.ygoprodeck.com/images/cards/40155554.jpg','DT02'),(244,'Ally of Justice Catastor','1 Tuner + 1+ non-Tuner monsters\nAt the start of the Damage Step, if this card battles a face-up non-DARK monster: Destroy that monster.',1,2,5,2200,1200,3,'https://images.ygoprodeck.com/images/cards/26593852.jpg','CT10'),(245,'Ally of Justice Clausolas','A mighty monster in Mist Valley, and the ultimate weapon designed from Claiomh Solais. Its surprise attacks from above baffle invaders.',1,2,6,2300,1200,1,'https://images.ygoprodeck.com/images/cards/89386122.jpg','STAS'),(246,'Ally of Justice Core Destroyer','At the start of the Damage Step, if this card battles a LIGHT monster: Destroy that monster.',1,2,3,1200,200,3,'https://images.ygoprodeck.com/images/cards/36629203.jpg','STP2'),(247,'Ally of Justice Cosmic Gateway','If your opponent controls 2 or more monsters, including a LIGHT monster, you can Special Summon this card from your hand.',1,2,8,2400,1200,1,'https://images.ygoprodeck.com/images/cards/8822710.jpg','DT02'),(248,'Ally of Justice Cycle Reader','During either player\'s turn: You can discard this card to the Graveyard, then target up to 2 LIGHT monsters in your opponent\'s Graveyard; banish those targets.',1,2,3,1000,1000,4,'https://images.ygoprodeck.com/images/cards/8233522.jpg','MP25'),(249,'Ally of Justice Cyclone Creator','Once per turn, you can discard 1 card from your hand to return Spell/Trap Cards from the field to the hand equal to the number of face-up Tuner monsters on the field.',1,2,3,1400,1200,5,'https://images.ygoprodeck.com/images/cards/45586855.jpg','DREV'),(250,'Ally of Justice Decisive Armor','1 Tuner + 2 or more non-Tuner monsters \n Once per turn, if your opponent controls a face-up LIGHT monster(s), you can activate 1 of these effects:\n● Select 1 Set card your opponent controls, and destroy it.\n● Send 1 card from your hand to the Graveyard to destroy all Spell/Trap Cards your opponent controls.\n● Send all cards in your hand to the Graveyard to look at your opponent\'s hand and send all LIGHT monsters in their hand to the Graveyard. Then, inflict damage to your opponent equal to the total ATK of the opponent\'s monsters sent to the Graveyard.',1,2,10,3300,3300,1,'https://images.ygoprodeck.com/images/cards/9888196.jpg','DT03'),(251,'Ally of Justice Enemy Catcher','When this card is Normal Summoned, you can take control of 1 face-down Defense Position monster your opponent controls, until the End Phase of this turn.',1,2,6,1800,1800,1,'https://images.ygoprodeck.com/images/cards/45033006.jpg','DT02'),(252,'Ally of Justice Field Marshal','1 Tuner + 2 or more non-Tuner monsters\nThis card cannot be Special Summoned except by Synchro Summon. When this card attacks a face-down Defense Position monster, destroys it by battle, and sends it to the Graveyard, draw 1 card.',1,2,9,2900,2600,1,'https://images.ygoprodeck.com/images/cards/69461394.jpg','DT02'),(253,'Ally of Justice Garadholg','If this card battles a LIGHT monster, it gains 200 ATK during the Damage Step only.',1,2,4,1600,400,1,'https://images.ygoprodeck.com/images/cards/25771826.jpg','DT01'),(254,'Ally of Justice Light Gazer','1 Tuner + 1 or more non-Tuner monsters\nThis card gains 200 ATK for each LIGHT monster in your opponent\'s Graveyard.',1,2,8,2400,1600,1,'https://images.ygoprodeck.com/images/cards/19204398.jpg','DT01'),(255,'Ally of Justice Nullfier','Any LIGHT monster that has battled this card has its effects negated (starting after damage calculation).',1,2,4,1600,1200,1,'https://images.ygoprodeck.com/images/cards/76650663.jpg','DT02'),(256,'Ally of Justice Omni-Weapon','When this card destroys a LIGHT monster by battle and sends it to the Graveyard, draw 1 card. If that card is a Level 4 or lower DARK monster, you can reveal that card to Special Summon it.',1,2,5,2200,800,1,'https://images.ygoprodeck.com/images/cards/45450218.jpg','DT03'),(257,'Ally of Justice Quarantine','Neither player can Special Summon LIGHT monsters.',1,2,4,1700,1200,1,'https://images.ygoprodeck.com/images/cards/72845813.jpg','DT03'),(258,'Ally of Justice Reverse Break','If a face-up LIGHT monster is on the field, destroy this card. If this card attacks a face-down Defense Position monster, destroy that monster immediately with this card\'s effect without flipping it face-up or applying damage calculation.',1,2,4,1200,1200,1,'https://images.ygoprodeck.com/images/cards/55982698.jpg','DT02'),(259,'Ally of Justice Rudra','If this card battles a LIGHT monster, it gains 700 ATK during the Damage Step only.',1,2,5,1900,1200,1,'https://images.ygoprodeck.com/images/cards/52265835.jpg','DT01'),(260,'Ally of Justice Searcher','Once per turn, you can discard 1 card to select 1 face-down Defense Position monster your opponent controls and change it to face-up Attack Position. Flip Effects are not activated at this time.',1,2,3,1400,100,1,'https://images.ygoprodeck.com/images/cards/3648368.jpg','DT02'),(261,'Ally of Justice Thousand Arms','This card can attack all face-up LIGHT monsters your opponent controls once each. If this card battles a non-LIGHT monster, destroy this card before damage calculation.',1,2,4,1700,0,1,'https://images.ygoprodeck.com/images/cards/85876417.jpg','DT01'),(262,'Ally of Justice Thunder Armor','This card cannot be Special Summoned. During the battle between an attacking \"Ally of Justice\" monster you control and a Defense Position monster whose DEF is lower than the ATK of the attacking monster, inflict the difference as Battle Damage to your opponent.',1,2,8,2700,2200,1,'https://images.ygoprodeck.com/images/cards/71438011.jpg','DT02'),(263,'Ally of Justice Unknown Crusher','When this card battles a LIGHT monster, remove that monster from play after damage calculation.',1,2,3,1200,800,1,'https://images.ygoprodeck.com/images/cards/22371016.jpg','DT01'),(264,'Ally of Justice Unlimiter','You can Tribute this card to select 1 face-up \"Ally of Justice\" monster you control. Double its original ATK until the End Phase.',1,2,2,600,200,1,'https://images.ygoprodeck.com/images/cards/82377606.jpg','DT02'),(265,'Ally Salvo','When this card is destroyed by battle with a LIGHT monster and sent to the Graveyard, select 2 cards on the field and destroy them.',1,2,2,400,300,1,'https://images.ygoprodeck.com/images/cards/59482302.jpg','DT01'),(266,'Aloof Lupine','When this card is Normal Summoned: You can banish 1 monster from your hand; banish 1 monster from your Deck with the same Type as that monster. If this card is destroyed by battle, or if this card in its owner\'s possession is destroyed by an opponent\'s card effect: You can target 1 of your banished monsters; add it to your hand. You can only use each effect of \"Aloof Lupine\" once per turn.',1,2,4,1700,300,2,'https://images.ygoprodeck.com/images/cards/92998610.jpg','MP20'),(267,'Alpacaribou, Mystical Beast of the Forest','● While in Attack Position: Attack Position Winged Beast, Insect, and Plant-Type monsters you control cannot be destroyed by battle.\n● While in Defense Position: Defense Position Winged Beast, Insect, and Plant-Type monsters you control cannot be targeted by, or be destroyed by, card effects.',1,6,7,2700,2100,1,'https://images.ygoprodeck.com/images/cards/77797992.jpg','MP14'),(268,'Alpha Summon','Target 1 of your banished monsters and 1 of your opponent\'s banished monsters; Special Summon your monster to your opponent\'s field, and if you do, Special Summon that opponent\'s monster to your field. You can only activate 1 \"Alpha Summon\" per turn.',3,NULL,NULL,NULL,NULL,4,'https://images.ygoprodeck.com/images/cards/73355951.jpg','MP24'),(269,'Alpha The Electromagnet Warrior','If this card is Normal or Special Summoned: You can add 1 Level 8 \"Magna Warrior\" monster from your Deck to your hand. You can only use this effect of \"Alpha The Electromagnet Warrior\" once per turn. During your opponent\'s turn: You can Tribute this card; Special Summon 1 Level 4 \"Magnet Warrior\" monster from your Deck (this is a Quick Effect).',1,6,3,1700,1100,3,'https://images.ygoprodeck.com/images/cards/42023223.jpg','SDMY'),(270,'Alpha The Magnet Warrior','\'\'Alpha, Beta, and Gamma meld as one to form a powerful monster.\'\'',1,6,4,1400,1700,1,'https://images.ygoprodeck.com/images/cards/99785935.jpg','LCYW'),(271,'Alpha, the Master of Beasts','Cannot be Normal Summoned/Set. Must first be Special Summoned (from your hand) while the total ATK of all monsters your opponent controls is more than that of all monsters you control. You can target any number of Beast, Beast-Warrior, and/or Winged Beast monsters you control; return them to the hand, then, return face-up monsters your opponent controls to the hand, equal to the number of cards you returned to the hand, also for the rest of this turn, \"Alpha, the Master of Beasts\" you control cannot attack directly. You can only use this effect of \"Alpha, the Master of Beasts\" once per turn.',1,6,8,3000,2500,4,'https://images.ygoprodeck.com/images/cards/73304257.jpg','MP21'),(272,'Alsei, the Sylvan High Protector','2 Level 8 monsters\nOnce per turn: You can declare 1 card name; excavate the top card of your Deck, and if it is the declared card, add it to your hand. Otherwise, send it to the Graveyard. If a card is sent from your Deck to the Graveyard by a card effect (except during the Damage Step): You can detach 1 Xyz Material from this card, then target 1 card on the field; place that target on either the top or bottom of the Deck. You can only use this effect of \"Alsei, the Sylvan High Protector\" once per turn.',1,1,8,2300,3200,4,'https://images.ygoprodeck.com/images/cards/10406322.jpg','MP14'),(273,'Altar for Tribute','Select 1 monster on your side of the field and send it to the Graveyard. Increase your Life Points by an amount equal to the original ATK of the monster.',3,NULL,NULL,NULL,NULL,1,'https://images.ygoprodeck.com/images/cards/21070956.jpg','DCR'),(274,'Altergeist Adminia','2+ \"Altergeist\" monsters\r\nIf this card is Link Summoned: You can Set 1 \"Altergeist\" Trap directly from your Deck. Once while this card is face-up on the field, during the Main Phase (Quick Effect): You can send 1 card you control to the GY, then target 1 Effect Monster your opponent controls; take control of that target, and if you do, it is also treated as an \"Altergeist\" monster. You can only use each effect of \"Altergeist Adminia\" once per turn.',1,2,NULL,3000,NULL,1,'https://images.ygoprodeck.com/images/cards/61470213.jpg','DUNE'),(275,'Altergeist Camouflage','Target 1 \"Altergeist\" monster you control; equip this card to it. Your opponent cannot target it for attacks, but it does not prevent your opponent from attacking you directly. Negate an opponent\'s monster effect that activates by targeting the equipped monster. If an \"Altergeist\" card(s) you control would be destroyed by battle or card effect, you can banish this card from your GY instead.',3,NULL,NULL,NULL,NULL,2,'https://images.ygoprodeck.com/images/cards/80143954.jpg','MP18'),(276,'Altergeist Dragvirion','1 Tuner + 1+ non-Tuner monsters\r\nWhen an opponent\'s Special Summoned monster declares an attack: You can return 1 \"Altergeist\" monster you control to the hand; negate that attack. If this card is Tributed and sent to the GY: You can Special Summon this card. You can only use each effect of \"Altergeist Dragvirion\" once per turn.',1,2,6,2200,1200,1,'https://images.ygoprodeck.com/images/cards/21187631.jpg','DANE'),(277,'Altergeist Emulatelf','Special Summon this card as an Effect Monster (Spellcaster/LIGHT/Level 4/ATK 1400/DEF 1800). (This card is also still a Trap.) If Summoned this way, while it is in the Monster Zone, other \"Altergeist\" Traps you control cannot be destroyed by card effects, also neither player can target them with card effects.',3,NULL,NULL,NULL,NULL,1,'https://images.ygoprodeck.com/images/cards/86885905.jpg','MP19'),(278,'Altergeist Failover','If another card(s) you control is destroyed by an opponent\'s card effect (except during the Damage Step): You can Special Summon 1 \"Altergeist\" monster from your hand. You can banish this card from your GY, then target 1 \"Altergeist\" monster in your GY; add it to your hand. You can only use each effect of \"Altergeist Failover\" once per turn.',3,NULL,NULL,NULL,NULL,4,'https://images.ygoprodeck.com/images/cards/98753320.jpg','GFP2'),(279,'Altergeist Fifinellag','Monsters your opponent controls cannot target \"Altergeist\" monsters you control for attacks, except \"Altergeist Fifinellag\", also your opponent cannot target \"Altergeist\" monsters you control with card effects, except \"Altergeist Fifinellag\".',1,2,2,0,1000,1,'https://images.ygoprodeck.com/images/cards/12977245.jpg','DANE'),(280,'Altergeist Fijialert','When an \"Altergeist\" Link Monster is Link Summoned to your field (except during the Damage Step): You can target 1 other Link Monster on the field; Special Summon this card from your hand to your zone that target points to, also, for the rest of this turn, that monster is also treated as an \"Altergeist\" monster. You can only use this effect of \"Altergeist Fijialert\" once per turn.',1,4,4,1400,1200,5,'https://images.ygoprodeck.com/images/cards/85673903.jpg','BROL'),(281,'Altergeist Haunted Rock','If this card was Set by the effect of an \"Altergeist\" card, you can activate it the turn it was Set. When this card is activated: Send 1 \"Altergeist\" monster from your hand to the GY. When your opponent activates a Trap Card (except during the Damage Step): You can send 1 \"Altergeist\" monster from your hand to the GY; negate that effect, and if you do, destroy that card. You can only use each effect of \"Altergeist Haunted Rock\" once per turn.',3,NULL,NULL,NULL,NULL,1,'https://images.ygoprodeck.com/images/cards/2547033.jpg','DANE'),(282,'Altergeist Hexstia','2 \"Altergeist\" monsters\r\nGains ATK equal to the original ATK of each \"Altergeist\" monster it points to. When a Spell/Trap Card or effect is activated (Quick Effect): You can Tribute 1 \"Altergeist\" monster this card points to; negate the activation, and if you do, destroy that card. If this card is sent from the field to the GY: You can add 1 \"Altergeist\" card from your Deck to your hand. You can only use this effect of \"Altergeist Hexstia\" once per turn.',1,3,0,1500,NULL,3,'https://images.ygoprodeck.com/images/cards/1508649.jpg','MP18'),(283,'Altergeist Kidolga','2 \"Altergeist\" monsters\r\nWhen another \"Altergeist\" monster you control inflicts battle damage to your opponent: You can target 1 monster in their GY; Special Summon it to your zone this card points to, but each turn, it cannot attack unless this card has already declared an attack that turn. If this card is destroyed by battle: You can target 1 \"Altergeist\" card in your GY; add it to your hand.',1,2,0,1000,NULL,2,'https://images.ygoprodeck.com/images/cards/76685519.jpg','MP19'),(284,'Altergeist Kunquery','When an opponent\'s monster declares an attack, if you control an \"Altergeist\" card: You can Special Summon this card from your hand, and if you do, negate that attack. If this card is Special Summoned: You can target 1 face-up card your opponent controls; negate the effects of that card while it and this monster are face-up on the field.',1,6,5,0,2400,1,'https://images.ygoprodeck.com/images/cards/52927340.jpg','MP18'),(285,'Altergeist Malwisp','If this card is added to your hand, except by drawing it: You can Special Summon it. If this card is Normal or Special Summoned: You can target 1 \"Altergeist\" monster in your GY, except \"Altergeist Malwisp\"; Special Summon it in Defense Position, but for the rest of this turn, it cannot activate its effects. You can only use each effect of \"Altergeist Malwisp\" once per turn.',1,1,3,1500,0,3,'https://images.ygoprodeck.com/images/cards/27132400.jpg','DUNE'),(286,'Altergeist Manifestation','Target 1 \"Altergeist\" monster in your GY; Special Summon it in Attack Position, and if you do, equip it with this card. When this card leaves the field, destroy that monster. You can banish this card from your GY, then target 1 \"Altergeist\" Trap in your GY; add it to your hand. You can only use this effect of \"Altergeist Manifestation\" once per turn.',3,NULL,NULL,NULL,NULL,3,'https://images.ygoprodeck.com/images/cards/35146019.jpg','MP18'),(287,'Altergeist Marionetter','When this card is Normal Summoned: You can Set 1 \"Altergeist\" Trap directly from your Deck to your Spell & Trap Zone. You can target 1 \"Altergeist\" card you control and 1 \"Altergeist\" monster in your GY; send that card on the field to the GY, and if you do, Special Summon that other monster from your GY. You can only use this effect of \"Altergeist Marionetter\" once per turn.',1,1,4,1600,1700,4,'https://images.ygoprodeck.com/images/cards/53143898.jpg','MP18'),(288,'Altergeist Meluseek','This card can attack directly. When this card inflicts battle damage to your opponent: You can target 1 card your opponent controls; send it to the GY. If this card is sent from the field to the GY: You can add 1 \"Altergeist\" monster from your Deck to your hand, except \"Altergeist Meluseek\". You can only use this effect of \"Altergeist Meluseek\" once per turn.',1,4,1,500,300,4,'https://images.ygoprodeck.com/images/cards/25533642.jpg','MP18'),(289,'Altergeist Memorygant','2+ \"Altergeist\" monsters\r\nDuring the Battle Phase (Quick Effect): You can Tribute 1 other monster; this card gains ATK equal to that Tributed monster\'s ATK on the field. When this card destroys a monster by battle: You can destroy 1 monster your opponent controls, and if you do, this card can make a second attack in a row. If this card would be destroyed, you can banish 1 monster from your GY instead. You can only use each effect of \"Altergeist Memorygant\" once per turn.',1,2,NULL,2800,NULL,5,'https://images.ygoprodeck.com/images/cards/23790299.jpg','BROL'),(290,'Altergeist Multifaker','If you activate a Trap Card (except during the Damage Step): You can Special Summon this card from your hand. If this card is Special Summoned: You can Special Summon 1 \"Altergeist\" monster from your Deck in Defense Position, except \"Altergeist Multifaker\". You cannot Special Summon monsters the turn you activate this effect, except \"Altergeist\" monsters. You can only use each effect of \"Altergeist Multifaker\" once per turn.',1,2,3,1200,800,1,'https://images.ygoprodeck.com/images/cards/42790071.jpg','MP19'),(291,'Altergeist Peritrator','This card can attack directly. You can only use each of the following effects of \"Altergeist Peritrator\" once per turn. When this card inflicts battle damage to your opponent: You can draw 1 card. If this card is sent from the field to the GY: You can send 1 \"Altergeist\" card from your hand, Deck, or face-up field to the GY, except \"Altergeist Peritrator\".',1,3,1,500,300,3,'https://images.ygoprodeck.com/images/cards/54126514.jpg','DUNE'),(292,'Altergeist Pixiel','You can Tribute this card; excavate the top 3 cards of your Deck, add 1 excavated \"Altergeist\" card to your hand, also send the rest to the GY. You can only use this effect of \"Altergeist Pixiel\" once per turn.',1,5,1,100,100,1,'https://images.ygoprodeck.com/images/cards/57769391.jpg','MP19'),(293,'Altergeist Pookuery','If an \"Altergeist\" monster you control would be used as Link Material for an \"Altergeist\" monster, this card in your hand can also be used as material. You can only use this effect of \"Altergeist Pookuery\" once per turn. If an \"Altergeist\" Link Monster is Link Summoned to your field, while this card is in your GY (except during the Damage Step): You can add this card to your hand. You can only use this effect of \"Altergeist Pookuery\" once per Duel.',1,2,1,300,100,5,'https://images.ygoprodeck.com/images/cards/59185998.jpg','BROL'),(294,'Altergeist Primebanshee','2+ \"Altergeist\" monsters\r\nDuring the Main Phase (Quick Effect): You can Tribute 1 other \"Altergeist\" monster; Special Summon 1 \"Altergeist\" monster from your Deck to your zone this card points to. If this card is sent from the field to the GY: You can target 1 \"Altergeist\" card in your GY; add it to your hand. You can only use each effect of \"Altergeist Primebanshee\" once per turn.',1,2,0,2100,NULL,4,'https://images.ygoprodeck.com/images/cards/93503294.jpg','MP18'),(295,'Altergeist Protocol','The activation and effects of \"Altergeist\" cards activated on your field cannot be negated. When your opponent activates a monster effect: You can send 1 other face-up \"Altergeist\" card you control to the GY; negate the activation, and if you do, destroy it. You can only use this effect of \"Altergeist Protocol\" once per turn.',3,NULL,NULL,NULL,NULL,3,'https://images.ygoprodeck.com/images/cards/27541563.jpg','MP18'),(296,'Altergeist Revitalization','Target 1 \"Altergeist\" Link Monster in your GY; Special Summon it. You can banish this card from your GY; immediately after this effect resolves, Normal Summon 1 \"Altergeist\" monster. You can only use 1 \"Altergeist Revitalization\" effect per turn, and only once that turn.',3,NULL,NULL,NULL,NULL,1,'https://images.ygoprodeck.com/images/cards/22024279.jpg','DUNE'),(297,'Altergeist Silquitous','(Quick Effect): You can return 1 other \"Altergeist\" card you control to the hand, then target 1 card your opponent controls; return it to the hand. If this card is sent from the field to the GY: You can target 1 \"Altergeist\" Trap in your GY; add that card to your hand. You can only use each effect of \"Altergeist Silquitous\" once per turn.',1,5,2,800,1500,3,'https://images.ygoprodeck.com/images/cards/89538537.jpg','MP18'),(298,'Altitude Knight','Once per turn, if another monster on the field returns to the hand or Main Deck: Send 1 WIND monster from your Deck to the Graveyard.',1,5,4,1400,1200,2,'https://images.ygoprodeck.com/images/cards/27632240.jpg','LTGY'),(299,'Aluber the Jester of Despia','If this card is Normal or Special Summoned: You can add 1 \"Branded\" Spell/Trap from your Deck to your hand. If a face-up Fusion Monster you control is destroyed by battle, or leaves the field because of an opponent\'s card effect, while this card is in your GY: You can target 1 Effect Monster your opponent controls; Special Summon this card, and if you do, negate the targeted monster\'s effects until the end of this turn. You can only use 1 \"Aluber the Jester of Despia\" effect per turn, and only once that turn.',1,2,4,1800,0,1,'https://images.ygoprodeck.com/images/cards/62962630.jpg','MP22'),(300,'Alviss of the Nordic Alfar','If only this card is banished by the effect of a \"Nordic\" Link Monster: You can send to the GY, 1 \"Nordic\" monster you control and 2 \"Nordic\" monsters from your Deck, whose total Levels equal 10, then Special Summon 1 \"Aesir\" monster from your Extra Deck. If an \"Aesir\" monster(s) in your possession is sent to your GY by your opponent\'s card: You can banish this card from your GY; Special Summon 1 \"Aesir\" monster from your Extra Deck, with a different name from the cards in your GY. You can only use this effect of \"Alviss of the Nordic Alfar\" once per Duel.',1,2,4,1500,1000,1,'https://images.ygoprodeck.com/images/cards/27024795.jpg','MP19'),(301,'Amabie','At the start of your Main Phase 1: You can reveal this card in your hand; each player gains 300 LP.',1,4,3,0,0,1,'https://images.ygoprodeck.com/images/cards/2139640.jpg','21CC'),(302,'Amano-Iwato','Cannot be Special Summoned. Monsters cannot activate their effects, except Spirit monsters. Once per turn, during the End Phase, if this card was Normal Summoned or flipped face-up this turn: Return this card to the hand.',1,6,4,1900,1200,1,'https://images.ygoprodeck.com/images/cards/32181268.jpg','MP18'),(303,'Amanokujaki','You cannot activate the effects of other Special Summoned monsters with the same Attribute as this card. Once per turn, during the Main Phase of this card\'s owner (Quick Effect): You can give control of this card to your opponent, then you (the activating player) can make this card become any Attribute until the end of the next turn.',1,1,3,1000,1000,2,'https://images.ygoprodeck.com/images/cards/43739056.jpg','MP22'),(304,'Amarylease','During your Main Phase: You can banish this card from your Graveyard; you can Normal Summon 1 monster this turn for 1 less Tribute. You can only use the effect of \"Amarylease\" once per turn.',1,6,1,100,200,1,'https://images.ygoprodeck.com/images/cards/18988391.jpg','BP02'),(305,'Amaterasu','Cannot be Normal or Special Summoned. During either player\'s turn, when your opponent activates a card or effect that targets this face-down monster: You can change this card to face-up Defense Position; draw 1 card. If this card is flipped face-up: Banish all other cards on the field. Once per turn, during the End Phase, if this card was flipped face-up this turn: Return it to the hand.',1,1,9,3000,3000,3,'https://images.ygoprodeck.com/images/cards/20073910.jpg','TDIL'),(306,'Amatsu-Okami of the Divine Peaks','3+ Dragon Effect Monsters\r\nMust be Link Summoned. If this Extra Linked card attacks your opponent directly and reduces their LP to 0, you win the Match.',1,1,NULL,3000,NULL,1,'https://images.ygoprodeck.com/images/cards/662855.jpg','2018'),(307,'Amaze Attraction Cyclo-Coaster','Target 1 \"Amazement\" monster you control or 1 face-up monster your opponent controls; equip this card to it. You can activate the following effect, based on which player controls the equipped monster;\r\n● You: Target 1 Spell/Trap your opponent controls; send both it and this card to the GY.\r\n● Your opponent: Add 1 \"Amazement\" monster from your Deck to your hand, and if you do, send this card to the GY.\r\nYou can only use this effect of \"Amaze Attraction Cyclo-Coaster\" once per turn.',3,NULL,NULL,NULL,NULL,4,'https://images.ygoprodeck.com/images/cards/66984907.jpg','LIOV'),(308,'Amaze Attraction Horror House','Target 1 \"Amazement\" monster you control or 1 face-up monster your opponent controls; equip this card to it. You can activate the following effect, based on which player controls the equipped monster;\r\n● You: Target 1 Effect Monster your opponent controls; negate its effects until the end of this turn.\r\n● Your opponent: Change the equipped monster to face-down Defense Position.\r\nYou can only use this effect of \"Amaze Attraction Horror House\" once per turn.',3,NULL,NULL,NULL,NULL,4,'https://images.ygoprodeck.com/images/cards/92650018.jpg','LIOV'),(309,'Amaze Attraction Majestic Merry-Go-Round','Target 1 \"Amazement\" monster you control or 1 face-up monster your opponent controls; equip this card to it. You can apply the following effect, based on which player controls the equipped monster;\r\n● You: The equipped monster gains 500 ATK. If it would be destroyed by battle or card effect, you can send this card to the GY instead.\r\n● Your opponent: The equipped monster loses 500 ATK for each of your \"Attraction\" Traps equipped to a monster(s).',3,NULL,NULL,NULL,NULL,1,'https://images.ygoprodeck.com/images/cards/29867611.jpg','LIOV'),(310,'Amaze Attraction Rapid Racing','Target 1 \"Amazement\" monster you control or 1 face-up monster your opponent controls; equip this card to it. You can activate the following effect, based on which player controls the equipped monster;\r\n● You: Target 1 card in your opponent\'s GY; change the equipped monster\'s battle position, and if you do, shuffle that target into the Deck.\r\n● Your opponent: Increase the equipped monster\'s Level by 1 (until the end of this turn), and if you do, change its battle position.\r\nYou can only use this effect of \"Amaze Attraction Rapid Racing\" once per turn.',3,NULL,NULL,NULL,NULL,1,'https://images.ygoprodeck.com/images/cards/55262310.jpg','LIOV'),(311,'Amaze Attraction Thrill Train','Target 1 \"Amazement\" monster you control or 1 face-up monster your opponent controls; equip this card to it. You can activate the following effect, based on which player controls the equipped monster;\r\n● You: Change the equipped monster\'s battle position, then, your opponent chooses 1 \"Attraction\" Trap in your GY, and you Set it to your field.\r\n● Your opponent: Banish the equipped monster until the End Phase.\r\nYou can only use this effect of \"Amaze Attraction Thrill Train\" once per turn.',3,NULL,NULL,NULL,NULL,1,'https://images.ygoprodeck.com/images/cards/36591747.jpg','MP24'),(312,'Amaze Attraction Viking Vortex','Target 1 \"Amazement\" monster you control or 1 face-up monster your opponent controls; equip this card to it. You can activate the following effect, based on which player controls the equipped monster;\r\n● You: Once per turn, when an opponent\'s monster declares an attack: Negate the attack, and if you do, change control of the equipped monster until the end of the Battle Phase.\r\n● Your opponent: When the equipped monster activates its effect: Return it to the hand.',3,NULL,NULL,NULL,NULL,1,'https://images.ygoprodeck.com/images/cards/97182396.jpg','DAMA'),(313,'Amaze Attraction Wonder Wheel','Target 1 \"Amazement\" monster you control or 1 face-up monster your opponent controls; equip this card to it. You can activate the following effect, based on which player controls the equipped monster;\r\n● You: During the Main Phase: Place 1 card from your hand on the bottom of the Deck, then draw 1 card.\r\n● Your opponent: Switch the equipped monster\'s current ATK and DEF until the end of this turn.\r\nYou can only use this effect of \"Amaze Attraction Wonder Wheel\" once per turn.',3,NULL,NULL,NULL,NULL,1,'https://images.ygoprodeck.com/images/cards/93473606.jpg','LIOV'),(314,'Amazement Abomination Arlekino','If you control an \"Amazement\" monster: You can Special Summon this card from your hand, then you can add 1 \"Amazement Family Faces\" from your Deck or GY to your hand. During your opponent\'s turn (Quick Effect): You can target 1 other Effect Monster on the field with more than 0 ATK; shuffle this card into the Deck, and if you do, Special Summon 1 \"Amazement Administrator Arlekino\" from your Deck, then change the ATK of the targeted monster to 0. You can only use each effect of \"Amazement Abomination Arlekino\" once per turn.',1,1,7,2600,2200,1,'https://images.ygoprodeck.com/images/cards/31600845.jpg','CYAC'),(315,'Amazement Administrator Arlekino','Once per turn: You can banish any number of \"Attraction\" Traps from your GY, then target that many cards your opponent controls; destroy them. You can only use each of the following effects of \"Amazement Administrator Arlekino\" once per turn. If a Trap Card is activated (except during the Damage Step): You can Special Summon this card from your hand. If your opponent Normal or Special Summons a monster(s) (except during the Damage Step): You can target 1 of those face-up monsters they control; equip 1 \"Attraction\" Trap from your Deck to that target.',1,2,7,2600,2200,5,'https://images.ygoprodeck.com/images/cards/94821366.jpg','LIOV'),(316,'Amazement Ambassador Bufo','When this card is Normal Summoned: You can target 1 \"Attraction\" Trap in your GY and 1 face-up monster your opponent controls; equip that Trap to your opponent\'s monster. (Quick Effect): You can target 1 of your \"Attraction\" Traps equipped to a monster; equip it to 1 \"Amazement\" monster you control or 1 face-up monster your opponent controls. You can only use this effect of \"Amazement Ambassador Bufo\" once per turn.',1,6,3,1600,900,1,'https://images.ygoprodeck.com/images/cards/30829071.jpg','LIOV'),(317,'Amazement Assistant Delia','You can reveal 1 \"Attraction\" Trap in your hand; Special Summon this card from your hand. You can send 1 \"Attraction\" Trap from your hand or face-up field to the GY; Set 1 \"Attraction\" Trap directly from your Deck to your Spell & Trap Zone. You can only use each effect of \"Amazement Assistant Delia\" once per turn.',1,1,4,1800,1400,3,'https://images.ygoprodeck.com/images/cards/22662014.jpg','DAMA'),(318,'Amazement Attendant Comica','When this card is Normal Summoned: You can Set 1 \"Attraction\" Trap directly from your Deck. (Quick Effect): You can target 1 of your \"Attraction\" Traps equipped to a monster; equip it to 1 \"Amazement\" monster you control or 1 face-up monster your opponent controls. You can only use this effect of \"Amazement Attendant Comica\" once per turn.',1,1,4,1400,1800,4,'https://images.ygoprodeck.com/images/cards/67314110.jpg','LIOV'),(319,'Amazement Family Faces','Target 1 monster your opponent controls equipped with your \"Attraction\" Trap(s); equip this card to it. While this card is equipped to a monster, take control of the equipped monster. While you control the equipped monster, it gains 500 ATK, you cannot activate its effects, also it is treated as an \"Amazement\" monster. You can only activate 1 \"Amazement Family Faces\" per turn.',3,NULL,NULL,NULL,NULL,3,'https://images.ygoprodeck.com/images/cards/20989253.jpg','LIOV'),(320,'Amazement Precious Park','During your Main Phase, you can activate 1 \"Attraction\" Trap the turn it was Set. During the End Phase: You can send 1 \"Attraction\" Trap you control equipped to a monster to the GY, then target 1 of your \"Attraction\" Traps, with a different name, that is banished or in your GY; Set that card. You can only use each effect of \"Amazement Precious Park\" once per turn.',2,NULL,NULL,NULL,NULL,3,'https://images.ygoprodeck.com/images/cards/33773528.jpg','LIOV'),(321,'Amazement Special Show','When your opponent activates a card or effect that targets an \"Amazement\" monster(s) you control: Target 1 of those \"Amazement\" monsters you control; return it to the hand, then, you can Special Summon 1 \"Amazement\" monster from your hand.',2,NULL,NULL,NULL,NULL,1,'https://images.ygoprodeck.com/images/cards/6374519.jpg','LIOV'),(322,'Amazing Pendulum','If you have no cards in your Pendulum Zones: Add 2 face-up \"Magician\" Pendulum Monsters with different names from your Extra Deck to your hand. You can only activate 1 \"Amazing Pendulum\" per turn.',2,NULL,NULL,NULL,NULL,1,'https://images.ygoprodeck.com/images/cards/37803970.jpg','MP17'),(323,'Amazing Time Ticket','Pay 800 LP; apply this effect, depending whose turn it is.\r\n● Your turn: Add 1 \"Amazement\" card from your Deck to your hand.\r\n● Your opponent\'s turn: Set 1 \"Attraction\" Trap directly from your Deck. It can be activated this turn.\r\nYou can only activate 1 \"Amazing Time Ticket\" per turn.',2,NULL,NULL,NULL,NULL,5,'https://images.ygoprodeck.com/images/cards/70389815.jpg','LIOV'),(324,'Amazon of the Seas','A mermaid who serves as a herald to the Ocean Lord. She protects the sacred domain of Atlantis.',1,4,4,1300,1400,1,'https://images.ygoprodeck.com/images/cards/17968114.jpg','AP06'),(325,'Amazoness Archer','You can Tribute 2 monsters; inflict 1200 damage to your opponent.',1,6,4,1400,1000,1,'https://images.ygoprodeck.com/images/cards/91869203.jpg','DB1'),(326,'Amazoness Archers','When an opponent\'s monster declares an attack, while you control an \"Amazoness\" monster: Change all monsters your opponent currently controls to face-up Attack Position (Flip Effects are not activated), they lose 500 ATK, also they must attack this turn, if able.',3,NULL,NULL,NULL,NULL,3,'https://images.ygoprodeck.com/images/cards/67987611.jpg','DR1'),(327,'Amazoness Augusta','1 \"Amazoness\" Fusion Monster + 1 \"Amazoness\" monster\r\nYour opponent cannot target other \"Amazoness\" cards you control with card effects, also those cards cannot be destroyed by your opponent\'s card effects. If this card was Fusion Summoned using \"Amazoness Empress\" or \"Amazoness Queen\" as material, it can make a second attack during each Battle Phase. If this card is Fusion Summoned: You can Special Summon 1 \"Amazoness\" monster from your Deck. You can only use this effect of \"Amazoness Augusta\" once per turn.',1,6,10,3200,2800,4,'https://images.ygoprodeck.com/images/cards/23965033.jpg','MP23'),(328,'Amazoness Baby Tiger','This card\'s name becomes \"Amazoness Tiger\" while on the field or in the GY. If an \"Amazoness\" monster is Normal or Special Summoned to your field while this card is in your hand or GY: You can Special Summon this card. You can only use this effect of \"Amazoness Baby Tiger\" once per turn. Gains 100 ATK for each \"Amazoness\" card in your GY.',1,6,2,500,500,4,'https://images.ygoprodeck.com/images/cards/10928224.jpg','LEDU'),(329,'Amazoness Blowpiper','Select 1 face-up monster your opponent controls during each of your Standby Phases. It loses 500 ATK until the end of this turn.',1,6,3,800,1500,1,'https://images.ygoprodeck.com/images/cards/73574678.jpg','DR1'),(330,'Amazoness Call','Take 1 \"Amazoness\" card from your Deck, except \"Amazoness Call\", and either add it to your hand or send it to the GY. During your Main Phase: You can banish this card from your GY, then target 1 \"Amazoness\" monster you control; this turn, that monster can attack all monsters your opponent controls, once each, also other monsters you control cannot attack. You can only activate 1 \"Amazoness Call\" per turn.',2,NULL,NULL,NULL,NULL,2,'https://images.ygoprodeck.com/images/cards/57312333.jpg','LEDU'),(331,'Amazoness Chain Master','When this card is destroyed by battle and sent to the GY: You can pay 1500 LP; look at your opponent\'s hand, then add 1 monster from their hand to your hand.',1,6,4,1500,1300,2,'https://images.ygoprodeck.com/images/cards/29654737.jpg','DLG1'),(332,'Amazoness Empress','\"Amazoness Queen\" + 1 \"Amazoness\" monster\r\nOther \"Amazoness\" cards you control cannot be destroyed by battle or card effects. If your \"Amazoness\" monster attacks a Defense Position monster, inflict piercing battle damage to your opponent. If this face-up Fusion Summoned card is destroyed by battle, or leaves the field because of an opponent\'s card effect while its owner controls it: You can Special Summon 1 \"Amazoness Queen\" from your hand, Deck, or GY.',1,6,8,2800,2400,1,'https://images.ygoprodeck.com/images/cards/4591250.jpg','MP18'),(333,'Amazoness Fighter','You take no battle damage from attacks involving this card.',1,6,4,1500,1300,1,'https://images.ygoprodeck.com/images/cards/55821894.jpg','DR1'),(334,'Amazoness Fighting Spirit','If an \"Amazoness\" monster attacks a monster with higher ATK, the attacking monster gains 1000 ATK during damage calculation only.',2,NULL,NULL,NULL,NULL,1,'https://images.ygoprodeck.com/images/cards/36100154.jpg','DREV'),(335,'Amazoness Golden Whip Master','[ Pendulum Effect ] \n\"Amazoness\" monsters you control gain ATK equal to their own Level x 100. When an attack is declared involving your \"Amazoness\" monster: You can target 1 Spell/Trap on the field; destroy it. You can only use this effect of \"Amazoness Golden Whip Master\" once per turn.\n\n[ Monster Effect ] \nIf this card in the Monster Zone is destroyed by battle or card effect: You can place this card in your Pendulum Zone. If an \"Amazoness\" monster(s) is Special Summoned to your field, while this card is in your GY (except during the Damage Step): You can place this card in your Pendulum Zone. You can only use each effect of \"Amazoness Golden Whip Master\" once per turn.',1,6,5,2000,1200,1,'https://images.ygoprodeck.com/images/cards/97692972.jpg','MP23'),(336,'Amazoness Hall','When this card is activated: You can take 1 \"Amazoness\" monster from your GY or your face-up Extra Deck, and either add it to your hand or (if it is a Pendulum Monster) place it in your Pendulum Zone. If a monster(s) is Special Summoned to your opponent\'s field while you control an \"Amazoness\" Monster Card (except during the Damage Step): You can target 1 of those opponent\'s monsters; gain LP equal to its ATK. You can only use this effect of \"Amazoness Hall\" once per turn.',3,NULL,NULL,NULL,NULL,4,'https://images.ygoprodeck.com/images/cards/25396150.jpg','BLCR'),(337,'Amazoness Heirloom','Equip only to an \"Amazoness\" monster. Once per turn, that monster cannot be destroyed by battle. After damage calculation, if the equipped monster attacks a monster: Destroy the attacked monster.',2,NULL,NULL,NULL,NULL,3,'https://images.ygoprodeck.com/images/cards/79965360.jpg','DREV'),(338,'Amazoness Hot Spring','When this card is activated: You can take 1 \"Amazoness\" monster from your Deck, and either add it to your hand or (if it is a Pendulum Monster) place it in your Pendulum Zone. When you take battle damage while you control an \"Amazoness\" Monster Card: You can gain LP equal to the damage you took. You can only use this effect of \"Amazoness Hot Spring\" once per turn.',3,NULL,NULL,NULL,NULL,4,'https://images.ygoprodeck.com/images/cards/62480168.jpg','BLCR'),(339,'Amazoness Onslaught','Once per turn, during the Battle Phase: You can Special Summon 1 \"Amazoness\" monster from your hand, and if you do, it gains 500 ATK until the end of this turn (even if this card leaves the field). After damage calculation, if your \"Amazoness\" monster battled an opponent\'s monster while this card is already face-up in your Spell & Trap Zone: You can banish that opponent\'s monster. If this card on the field is destroyed and sent to the GY: You can target 1 \"Amazoness\" monster in your GY; Special Summon it.',3,NULL,NULL,NULL,NULL,2,'https://images.ygoprodeck.com/images/cards/83407038.jpg','LEDU'),(340,'Amazoness Paladin','This card gains 100 ATK for each \"Amazoness\" monster you control.',1,6,4,1700,300,1,'https://images.ygoprodeck.com/images/cards/47480070.jpg','DR1'),(341,'Amazoness Pet Liger','\"Amazoness Tiger\" + 1 \"Amazoness\" monster\r\nOnce per battle, if this card attacks, during damage calculation: You can make this card gain 500 ATK during that damage calculation only. If your \"Amazoness\" monster attacked an opponent\'s monster, after damage calculation: You can target 1 face-up monster your opponent controls; it loses 800 ATK. Monsters your opponent controls cannot attack \"Amazoness\" monsters you control, except this one.',1,6,7,2500,2400,1,'https://images.ygoprodeck.com/images/cards/68507541.jpg','MP18'),(342,'Amazoness Pet Liger King','1 Level 5 or higher \"Amazoness\" monster + 1 \"Amazoness\" monster\r\nYour opponent\'s monsters cannot attack any monsters, except this one. You can target 1 \"Amazoness\" card you control and 1 \"Amazoness\" Warrior monster in your GY; destroy that card on the field, and if you do, Special Summon that other monster from the GY. This card cannot attack the turn this effect is activated. You can only use this effect of \"Amazoness Pet Liger King\" once per turn.',1,6,9,2900,2800,1,'https://images.ygoprodeck.com/images/cards/59353647.jpg','MP23'),(343,'Amazoness Princess','This card\'s name becomes \"Amazoness Queen\" while on the field or in the GY. If this card is Normal or Special Summoned: You can add 1 \"Amazoness\" Spell/Trap from your Deck to your hand. You can only use this effect of \"Amazoness Princess\" once per turn. When this card declares an attack: You can send 1 other card from your hand or field to the GY; Special Summon 1 \"Amazoness\" monster from your Deck in Defense Position, except \"Amazoness Princess\".',1,6,3,1200,900,3,'https://images.ygoprodeck.com/images/cards/84539520.jpg','LEDU'),(344,'Amazoness Queen','\"Amazoness\" monsters you control cannot be destroyed by battle.',1,6,6,2400,1800,3,'https://images.ygoprodeck.com/images/cards/15951532.jpg','DREV'),(345,'Amazoness Sage','At the end of the Damage Step, if this card attacked and is still on the field: Target 1 Spell/Trap your opponent controls; destroy that target.',1,6,4,1400,700,1,'https://images.ygoprodeck.com/images/cards/53162898.jpg','BP01'),(346,'Amazoness Scouts','During either player\'s turn: You can Tribute this card; this turn, face-up \"Amazoness\" monsters you currently control cannot be targeted by monster effects, and cannot be destroyed by card effects.',1,6,2,500,1100,2,'https://images.ygoprodeck.com/images/cards/71209500.jpg','DREV'),(347,'Amazoness Secret Arts','Fusion Summon 1 \"Amazoness\" Fusion Monster from your Extra Deck, using monsters from your hand or field as Fusion Material. During your Main Phase: You can banish this card from your GY; once, if you Fusion Summon an \"Amazoness\" Fusion Monster this turn, you can also send 1 \"Amazoness\" monster from your Extra Deck to the GY as material. You can only use 1 \"Amazoness Secret Arts\" effect per turn, and only once that turn.',2,NULL,NULL,NULL,NULL,1,'https://images.ygoprodeck.com/images/cards/86758746.jpg','MP23'),(348,'Amazoness Shamanism','Destroy all face-up \"Amazoness\" monsters you control. Then, you can Special Summon any number of Level 4 or lower \"Amazoness\" monsters from your Graveyard in face-up Defense Position, up to the number of monsters destroyed by this effect.',3,NULL,NULL,NULL,NULL,3,'https://images.ygoprodeck.com/images/cards/6459419.jpg','DREV'),(349,'Amazoness Silver Sword Master','[ Pendulum Effect ] \n\"Amazoness\" monsters you control gain ATK equal to their own Level x 100. When an attack is declared involving your \"Amazoness\" monster: You can target 1 \"Amazoness\" Spell/Trap in your GY; add it to your hand. You can only use this effect of \"Amazoness Silver Sword Master\" once per turn.\n\n[ Monster Effect ] \nIf this card in the Monster Zone is destroyed by battle or card effect: You can place this card in your Pendulum Zone. If an \"Amazoness\" monster(s) is Special Summoned to your field, while this card is in your GY (except during the Damage Step): You can place this card in your Pendulum Zone. You can only use each effect of \"Amazoness Silver Sword Master\" once per turn.',1,6,3,1200,2000,1,'https://images.ygoprodeck.com/images/cards/24087580.jpg','MP23'),(350,'Amazoness Spellcaster','Target 1 \"Amazoness\" monster you control and 1 face-up monster your opponent controls; switch the original ATK of those targets until the end of this turn.',2,NULL,NULL,NULL,NULL,1,'https://images.ygoprodeck.com/images/cards/81325903.jpg','DR1'),(351,'Amazoness Spiritualist','If this card is in your hand or GY: You can target 1 \"Amazoness\" card you control, except \"Amazoness Spiritualist\"; return it to the hand, and if you do, Special Summon this card, also you cannot Special Summon monsters from the Extra Deck for the rest of this turn, except \"Amazoness\" monsters. If this card is Special Summoned: You can add 1 \"Polymerization\" from your Deck to your hand. You can only use each effect of \"Amazoness Spiritualist\" once per turn.',1,6,2,800,1800,4,'https://images.ygoprodeck.com/images/cards/97870394.jpg','MP23'),(352,'Amazoness Spy','You can reveal 1 other \"Amazoness\" monster in your hand; Special Summon this card from your hand. You can only use this effect of \"Amazoness Spy\" once per turn. When this card is destroyed by battle and sent to the GY: You can target 1 \"Amazoness\" monster in your GY, except \"Amazoness Spy\"; return it to the hand, or shuffle it into the Deck.',1,6,3,800,1200,1,'https://images.ygoprodeck.com/images/cards/31102447.jpg','MP18'),(353,'Amazoness Swords Woman','Your opponent takes any battle damage you would have taken from battles involving this card instead.',1,6,4,1500,1600,3,'https://images.ygoprodeck.com/images/cards/94004268.jpg','DR1'),(354,'Amazoness Tiger','You can only control 1 \"Amazoness Tiger\". This card gains 400 ATK for each \"Amazoness\" monster you control. Your opponent cannot attack any face-up \"Amazoness\" monsters, except this one.',1,6,4,1100,1500,1,'https://images.ygoprodeck.com/images/cards/10979723.jpg','DR1'),(355,'Amazoness Trainee','Monsters destroyed by battle with this card are returned to the bottom of the Deck instead of going to the GY. If this card destroys an opponent\'s monster by battle: It gains 200 ATK.',1,6,4,1500,1300,1,'https://images.ygoprodeck.com/images/cards/89567993.jpg','BP01'),(356,'Amazoness Village','All \"Amazoness\" monsters gain 200 ATK. Once per turn, when an \"Amazoness\" monster is destroyed by battle or card effect and sent to the GY: You can Special Summon 1 \"Amazoness\" monster from your Deck with a Level less than or equal to that \"Amazoness\" monster in the GY.',2,NULL,NULL,NULL,NULL,2,'https://images.ygoprodeck.com/images/cards/712559.jpg','DREV'),(357,'Amazoness War Chief','If you control no monsters, or only \"Amazoness\" monsters: You can Special Summon this card from your hand. If this card is Normal or Special Summoned: You can Set 1 \"Amazoness\" Spell/Trap or 1 \"Polymerization\" directly from your Deck, also you can only attack with \"Amazoness\" monsters for the rest of this turn. You can only use each effect of \"Amazoness War Chief\" once per turn.',1,6,5,1900,0,4,'https://images.ygoprodeck.com/images/cards/50486289.jpg','MP23'),(358,'Amazoness Willpower','Select 1 \"Amazoness\" monster in your Graveyard and Special Summon it in Attack Position. It cannot change its battle position and must attack if able. When this card is removed from the field, destroy that monster. When that monster is destroyed, destroy this card.',3,NULL,NULL,NULL,NULL,2,'https://images.ygoprodeck.com/images/cards/22082163.jpg','DREV'),(359,'Ambitious Gofer','Once per turn: You can target up to 2 monsters your opponent controls; your opponent can reveal 1 monster in their hand to negate this card\'s effect, otherwise destroy those monsters.',1,2,6,2400,100,1,'https://images.ygoprodeck.com/images/cards/41224658.jpg','BP01'),(360,'Ambulance Rescueroid','\"Rescueroid\" + \"Ambulanceroid\"\nThis monster cannot be Special Summoned except by Fusion Summon. Once per turn, when a monster on your side of the field is destroyed by battle and sent to the Graveyard, you can Special Summon that monster in Defense Position.',1,3,6,2300,1800,1,'https://images.ygoprodeck.com/images/cards/98927491.jpg','POTD'),(361,'Ambulanceroid','When a \"roid\" monster is added from your Graveyard to your hand, you can Special Summon that monster.',1,6,3,300,1200,1,'https://images.ygoprodeck.com/images/cards/36378213.jpg','POTD'),(362,'Ambush Fangs','Activate only when a face-up \"Venom\" monster you control is declared as an attack target. Negate the attack and end the Battle Phase. Then place 1 Venom Counter on the monster that attacked.',3,NULL,NULL,NULL,NULL,1,'https://images.ygoprodeck.com/images/cards/77972406.jpg','TAEV'),(363,'Ame no Habakiri no Mitsurugi','You can Ritual Summon this card with \"Mitsurugi Ritual\". Monsters your opponent controls lose 800 ATK. You can reveal this card in your hand; Special Summon 1 \"Mitsurugi\" monster from your Deck, then Tribute 1 monster you control. You can only use this effect of \"Ame no Habakiri no Mitsurugi\" once per Duel. If this card is Tributed: You can add 1 \"Mitsurugi\" card from your Deck to your hand, except \"Ame no Habakiri no Mitsurugi\", then you can Special Summon this card. You can only use this effect of \"Ame no Habakiri no Mitsurugi\" once per turn.',1,2,8,2400,1800,3,'https://images.ygoprodeck.com/images/cards/13332685.jpg','ALIN'),(364,'Ame no Murakumo no Mitsurugi','You can Ritual Summon this card with \"Mitsurugi Ritual\". If this card is Special Summoned: You can destroy all monsters your opponent controls. When your opponent activates a card or effect (Quick Effect): You can activate this effect; your opponent can discard 1 card, or that effect is negated. If this card is Tributed: You can add 1 \"Mitsurugi\" card from your Deck to your hand, except \"Ame no Murakumo no Mitsurugi\", then you can Special Summon this card. You can only use each effect of \"Ame no Murakumo no Mitsurugi\" once per turn.',1,2,8,3200,800,1,'https://images.ygoprodeck.com/images/cards/19899073.jpg','SUDA'),(365,'Ameba','When the control of this face-up card on the field shifts to your opponent, inflict 2000 points of damage to your opponent\'s Life Points. This effect can only be used once as long as this card remains face-up on the field.',1,4,1,300,350,1,'https://images.ygoprodeck.com/images/cards/95174353.jpg','DB1'),(366,'Amores of Prophecy','Once per turn: You can reveal 1 \"Spellbook\" Spell Card in your hand; Special Summon 1 Level 4 or lower Spellcaster-Type monster from your hand.',1,6,3,600,2000,1,'https://images.ygoprodeck.com/images/cards/40213117.jpg','REDU'),(367,'Amorphactor Pain, the Imagination Dracoverlord','You can Ritual Summon this card with \"Amorphous Persona\". If this card is Ritual Summoned: Your opponent skips their next Main Phase 1. Negate the effects of face-up Fusion, Synchro, and Xyz Monsters while they are on the field. If this card is sent from the field to the Graveyard: You can add 1 \"Dracoverlord\" monster from your Deck to your hand, except \"Amorphactor Pain, the Imagination Dracoverlord\".',1,6,8,2950,2500,1,'https://images.ygoprodeck.com/images/cards/98287529.jpg','MP23'),(368,'Amorphage Envy','[ Pendulum Effect ] \nWhile you control an \"Amorphage\" monster, neither player can activate cards or effects as Chain Link 2 or higher. Once per turn, during your Standby Phase, Tribute 1 monster or destroy this card.\n\n[ Monster Effect ] \nIf this card is Pendulum Summoned or flipped face-up, neither player can Special Summon monsters from the Extra Deck while this card is face-up on the field, except \"Amorphage\" monsters.',1,6,4,0,2050,2,'https://images.ygoprodeck.com/images/cards/33300669.jpg','SHVI'),(369,'Amorphage Gluttony','[ Pendulum Effect ] \nWhile you control an \"Amorphage\" monster, monsters cannot activate their effects, except \"Amorphage\" monsters. Once per turn, during your Standby Phase, Tribute 1 monster or destroy this card.\n\n[ Monster Effect ] \nIf this card is Pendulum Summoned or flipped face-up, neither player can Special Summon monsters from the Extra Deck while this card is face-up on the field, except \"Amorphage\" monsters.',1,6,2,0,1850,2,'https://images.ygoprodeck.com/images/cards/34522216.jpg','SHVI'),(370,'Amorphage Goliath','[ Pendulum Effect ] \nWhile you control an \"Amorphage\" monster, any card sent to the GY is banished instead, except \"Amorphage\" cards. Once per turn, during your Standby Phase, Tribute 1 monster or destroy this card.\n\n[ Monster Effect ] \nNeither player can Special Summon monsters from the Extra Deck, except \"Amorphage\" monsters.',1,6,8,2750,0,3,'https://images.ygoprodeck.com/images/cards/69072185.jpg','FIGA'),(371,'Amorphage Greed','[ Pendulum Effect ] \nWhile you control an \"Amorphage\" monster, neither player can activate Trap Cards or their effects, except for \"Amorphage\" cards. Once per turn, during your Standby Phase, Tribute 1 monster or destroy this card.\n\n[ Monster Effect ] \nIf this card is Pendulum Summoned or flipped face-up, neither player can Special Summon monsters from the Extra Deck while this card is face-up on the field, except \"Amorphage\" monsters.',1,6,4,0,1950,2,'https://images.ygoprodeck.com/images/cards/7305060.jpg','SHVI'),(372,'Amorphage Infection','All \"Amorphage\" monsters on the field gain 100 ATK and DEF for each \"Amorphage\" card on the field. If a monster(s) in your hand or you control is Tributed, or destroyed by battle or card effect: You can add 1 \"Amorphage\" card from your Deck to your hand. You can only use this effect of \"Amorphage Infection\" once per turn.',2,NULL,NULL,NULL,NULL,3,'https://images.ygoprodeck.com/images/cards/50554729.jpg','SHVI'),(373,'Amorphage Lechery','[ Pendulum Effect ] \nWhile you control an \"Amorphage\" monster, neither player can activate Spell Cards or their effects, except for \"Amorphage\" cards. Once per turn, during your Standby Phase, Tribute 1 monster or destroy this card.\n\n[ Monster Effect ] \nIf this card is Pendulum Summoned or flipped face-up, neither player can Special Summon monsters from the Extra Deck while this card is face-up on the field, except \"Amorphage\" monsters.',1,6,2,1350,0,3,'https://images.ygoprodeck.com/images/cards/70917315.jpg','FIGA'),(374,'Amorphage Lysis','All monsters on the field, except \"Amorphage\" monsters, lose 100 ATK and DEF for each \"Amorphage\" card on the field. If a card(s) in your Pendulum Zone is destroyed (except during the Damage Step): You can place 1 \"Amorphage\" Pendulum Monster from your Deck in your Pendulum Zone. You can only use this effect of \"Amorphage Lysis\" once per turn.',3,NULL,NULL,NULL,NULL,2,'https://images.ygoprodeck.com/images/cards/47598941.jpg','SHVI'),(375,'Amorphage Pride','[ Pendulum Effect ] \nWhile you control an \"Amorphage\" monster, neither player takes any effect damage. Once per turn, during your Standby Phase, Tribute 1 monster or destroy this card.\n\n[ Monster Effect ] \nIf this card is Pendulum Summoned or flipped face-up, neither player can Special Summon monsters from the Extra Deck while this card is face-up on the field, except \"Amorphage\" monsters.',1,6,4,1750,0,1,'https://images.ygoprodeck.com/images/cards/6283472.jpg','SHVI'),(376,'Amorphage Sloth','[ Pendulum Effect ] \nWhile you control an \"Amorphage\" monster, neither player can add cards from their Deck to their hand except by drawing them. Once per turn, during your Standby Phase, Tribute 1 monster or destroy this card.\n\n[ Monster Effect ] \nNeither player can Special Summon monsters from the Extra Deck, except \"Amorphage\" monsters.',1,6,6,2250,0,3,'https://images.ygoprodeck.com/images/cards/32687071.jpg','FIGA'),(377,'Amorphage Wrath','[ Pendulum Effect ] \nWhile you control an \"Amorphage\" monster, neither player can Tribute monsters, except \"Amorphage\" monsters. Once per turn, during your Standby Phase, Tribute 1 monster or destroy this card.\n\n[ Monster Effect ] \nIf this card is Pendulum Summoned or flipped face-up, neither player can Special Summon monsters from the Extra Deck while this card is face-up on the field, except \"Amorphage\" monsters.',1,6,4,1650,0,1,'https://images.ygoprodeck.com/images/cards/79794767.jpg','SHVI'),(378,'Amorphous Persona','All \"Amorphage\" monsters on the field gain 300 ATK and DEF. Up to twice per turn, if an \"Amorphage\" monster(s) you control is Tributed, draw 1 card. You can banish this card from your Graveyard; Tribute Pendulum Monsters from your hand or field whose total Levels exactly equal 8, then Ritual Summon 1 \"Amorphactor Pain, the Imagination Dracoverlord\" from your hand.',2,NULL,NULL,NULL,NULL,1,'https://images.ygoprodeck.com/images/cards/23160024.jpg','OP15'),(379,'Amphibian Beast','On land or in the sea, the speed of this monster is unmatchable.',1,4,6,2400,2000,1,'https://images.ygoprodeck.com/images/cards/67371383.jpg','DB1'),(380,'Amphibious Bugroth','\"Ground Attacker Bugroth\" + \"Defender of the Sea\"',1,4,5,1850,1300,1,'https://images.ygoprodeck.com/images/cards/40173854.jpg','MDP2'),(381,'Amphibious Bugroth MK-11','While \"Umi\" is not on the field, this card gains 700 ATK, also it cannot attack directly. While \"Umi\" is on the field: You can target 1 face-up non-WATER monster on the field; destroy it. You can only use this effect of \"Amphibious Bugroth MK-11\" once per turn.',1,4,5,1850,1500,1,'https://images.ygoprodeck.com/images/cards/4754691.jpg','MP23'),(382,'Amphibious Bugroth MK-3','While \"Umi\" is face-up on the field, this card can attack your opponent\'s Life Points directly.',1,4,4,1500,1300,2,'https://images.ygoprodeck.com/images/cards/64342551.jpg','DR2'),(383,'Amphibious Swarmship Amblowhale','2+ Effect Monsters\r\nGains 200 ATK for each Link Monster in the GYs. You can only use each of the following effects of \"Amphibious Swarmship Amblowhale\" once per turn.\r\n● If this card is destroyed: You can target 1 Link-3 or lower monster in either GY; Special Summon it.\r\n● If a Link-3 or lower monster(s) on the field is destroyed by battle or card effect while this card is in your GY: You can banish this card from your GY; destroy 1 card on the field.',1,3,NULL,2600,NULL,2,'https://images.ygoprodeck.com/images/cards/20665527.jpg','DANE'),(384,'Amplifier','Equip only to \"Jinzo\". While this card is equipped, the equipped monster\'s effect does not negate the effects of its controller\'s Trap Cards. When this card is removed from the field, destroy the equipped monster. This card\'s activation and effect cannot be negated.',2,NULL,NULL,NULL,NULL,3,'https://images.ygoprodeck.com/images/cards/303660.jpg','AST'),(385,'Amulet Dragon','\"Dark Magician\" + 1 Dragon monster\r\nMust be Fusion Summoned with the above Fusion Materials or with \"The Eye of Timaeus\". If this card is Special Summoned: Target any number of Spells in any GY(s) (min.1); banish those targets, and if you do, this card gains 100 ATK for each card banished by this effect. If this card is destroyed: You can target 1 Spellcaster monster in your GY; Special Summon that target.',1,2,8,2900,2500,5,'https://images.ygoprodeck.com/images/cards/75380687.jpg','DRLG'),(386,'Amulet of Ambition','Equip only to a Normal Monster. If it battles a monster with a higher Level, the equipped monster gains 500 ATK x the difference in Levels, during that damage calculation only. When this card is sent to the GY: You can place it on top of your Deck.',2,NULL,NULL,NULL,NULL,1,'https://images.ygoprodeck.com/images/cards/5183693.jpg','SS03'),(387,'Amunessia, the Ogdoadic Queen','If this card is in your GY: You can Tribute 2 monsters; Special Summon this card. If a monster(s) is Special Summoned from your opponent\'s GY (except during the Damage Step): You can send 1 card they control to the GY. If a monster(s) is sent from your opponent\'s hand or Deck to the GY (except during the Damage Step): You can Special Summon 1 LIGHT or DARK Reptile monster from your GY, except \"Amunessia, the Ogdoadic Queen\". You can only use each effect of \"Amunessia, the Ogdoadic Queen\" once per turn.',1,2,8,2700,2100,1,'https://images.ygoprodeck.com/images/cards/61160289.jpg','ANGU'),(388,'An Owl of Luck','FLIP: Select 1 Field Spell Card from your Deck and place it on top of your Deck. If \"Necrovalley\" is on the field, you can add the selected Field Spell Card to your hand instead.',1,5,2,300,500,1,'https://images.ygoprodeck.com/images/cards/23927567.jpg','DR1'),(389,'An Unfortunate Report','Your opponent conducts their next Battle Phase twice.',3,NULL,NULL,NULL,NULL,1,'https://images.ygoprodeck.com/images/cards/19763315.jpg','GLAS'),(390,'Anarchist Monk of the Six Samurai','If you control a \"Six Samurai\" monster other than \"Anarchist Monk of the Six Samurai\", you can Special Summon this card (from your hand). You can only Special Summon \"Anarchist Monk of the Six Samurai\" once per turn this way. You can only use each of the following effects of \"Anarchist Monk of the Six Samurai\" once per turn. If this card is sent from the field to the GY: You can add 1 \"Six Samurai\" Quick-Play Spell from your Deck to your hand. A \"Six Samurai\" monster that was Synchro Summoned using this card gains this effect.\r\n● The Levels of all monsters your opponent controls are reduced by 1.',1,2,3,500,0,4,'https://images.ygoprodeck.com/images/cards/80570228.jpg','MP25'),(391,'Anarchist Monk Ranshin','When this card you control is sent to your Graveyard by your opponent\'s card (either by battle, by card effect, or by being destroyed): Target 1 monster in your opponent\'s Graveyard; banish that target.',1,6,4,1800,100,1,'https://images.ygoprodeck.com/images/cards/58324930.jpg','BP02'),(392,'Anchamoufrite','[ Pendulum Effect ] \nIf you have no cards in your Extra Deck except \"Anchamoufrite\": You can destroy this card, then draw 1 card. You can only use this effect of \"Anchamoufrite\" once per turn.\n\n[ Monster Effect ] \nCannot be Normal Summoned/Set. Must be Special Summoned (from your face-up Extra Deck) by having no cards in your Extra Deck except \"Anchamoufrite\". You can only Special Summon \"Anchamoufrite\" once per turn this way. If this face-up card in the Monster Zone leaves the field, banish it.',1,1,5,1800,0,1,'https://images.ygoprodeck.com/images/cards/52296675.jpg','MP22'),(393,'Anchorbolt Hedgehog','If you control \"Junk Warrior\" or a monster that mentions it, except \"Anchorbolt Hedgehog\", and this card is in your GY (Quick Effect): You can Special Summon this card in Defense Position, also you cannot Special Summon from the Extra Deck for the rest of this turn, except Synchro Monsters. You can only use this effect of \"Anchorbolt Hedgehog\" once per turn.',1,6,2,800,800,1,'https://images.ygoprodeck.com/images/cards/54656950.jpg','UNKNOWN'),(394,'Ancient Brain','A fallen fairy that is powerful in the dark.',1,2,3,1000,700,1,'https://images.ygoprodeck.com/images/cards/42431843.jpg','MRD'),(395,'Ancient Chant','Add 1 \"The Winged Dragon of Ra\" from your Deck or GY to your hand, and if you do, you can Tribute Summon 1 monster during your Main Phase this turn, in addition to your Normal Summon/Set. (You can only gain this effect once per turn.) You can banish this card from your GY: If you Tribute Summon \"The Winged Dragon of Ra\" this turn, its original ATK/DEF become the combined original ATK/DEF of the monsters Tributed for its Summon. You can only activate 1 \"Ancient Chant\" per turn.',2,NULL,NULL,NULL,NULL,4,'https://images.ygoprodeck.com/images/cards/78665705.jpg','LED7'),(396,'Ancient City - Rainbow Ruins','You must have this many \"Crystal Beast\" cards in your Spell & Trap Card Zone to activate and to resolve these effects. ● 1+: This card cannot be destroyed by card effects. ● 2+: Once per turn (including the opponent\'s) you can halve the Battle Damage you take. ● 3+: During either player\'s turn, when a Spell/Trap Card is activated: You can send 1 \"Crystal Beast\" monster you control to the Graveyard; negate the activation, and if you do, destroy it. ● 4+: Once per turn, during your Main Phase: You can draw 1 card. ● 5: Once per turn, during your Main Phase: You can target 1 \"Crystal Beast\" card in your Spell & Trap Card Zone; Special Summon that target.',2,NULL,NULL,NULL,NULL,1,'https://images.ygoprodeck.com/images/cards/34487429.jpg','BATT'),(397,'Ancient Crimson Ape','When a monster(s) you control is destroyed and sent to the Graveyard, gain 1000 Life Points.',1,1,7,2600,1800,1,'https://images.ygoprodeck.com/images/cards/50781944.jpg','ANPR'),(398,'Ancient Dragon','When this card inflicts battle damage to your opponent by a direct attack: You can increase this card\'s Level by 1 and ATK by 500.',1,1,4,1400,1300,1,'https://images.ygoprodeck.com/images/cards/38520918.jpg','YS15'),(399,'Ancient Elf','This elf is rumored to have lived for thousands of years. He leads an army of spirits against his enemies.',1,1,4,1450,1200,1,'https://images.ygoprodeck.com/images/cards/93221206.jpg','MRD'),(400,'Ancient Fairy Dragon','1 Tuner + 1+ non-Tuner monsters\r\nDuring your Main Phase: You can Special Summon 1 Level 4 or lower monster from your hand. You cannot conduct your Battle Phase the turn you activate this effect. During your Main Phase: You can destroy as many cards in the Field Zones as possible (min. 1), and if you do, gain 1000 LP, then you can add 1 Field Spell with a different name than the destroyed card(s), from your Deck to your hand. You can only use each effect of \"Ancient Fairy Dragon\" once per turn.',1,1,7,2100,3000,3,'https://images.ygoprodeck.com/images/cards/25862681.jpg','RA01'),(401,'Ancient Fairy Life Dragon','1 Tuner + 1+ non-Tuner monsters\r\nIf this card is Synchro Summoned: You can draw 1 card, or if \"World of Spirits\" is on the field, add 1 LIGHT monster (Beast, Plant, or Fairy) or 1 \"Eternal Sunshine\" from your Deck to your hand instead. You can only use this effect of \"Ancient Fairy Life Dragon\" once per turn. Your \"Ancient Fairy Dragon\" and monsters that mention it can attack while in face-up Defense Position (apply their DEF for damage calculation).',1,1,8,2500,3300,3,'https://images.ygoprodeck.com/images/cards/43321985.jpg','ALIN'),(402,'Ancient Flamvell Deity','1 FIRE Tuner + 1 or more non-Tuner Pyro-Type monsters\nWhen this card is Synchro Summoned, remove from play cards from your opponent\'s Graveyard up to the number of cards in their hand. This card gains 200 ATK for each card removed from play by this effect.',1,3,7,2500,200,1,'https://images.ygoprodeck.com/images/cards/26304459.jpg','DT04'),(403,'Ancient Forest','When you activate this card, change any Defense Position monster(s) to face-up Attack Position. Flip Effects are not activated at this time. If a monster attacks, destroy it at the end of that turn\'s Battle Phase.',2,NULL,NULL,NULL,NULL,3,'https://images.ygoprodeck.com/images/cards/87624166.jpg','ANPR'),(404,'Ancient Fusion','Once per Duel, you can discard 1 card to Fusion Summon 1 \"Ancient Gear\" Fusion Monster from your Extra Deck, using monsters from your field as Fusion Material. If 1 of those materials is an \"Ancient Gear Golem\" monster, you can also use monsters from your hand and/or Deck as the other material. Your opponent takes no damage for the rest of this turn. Any battle damage your opponent takes from that Fusion Monster is halved.',1,NULL,NULL,NULL,NULL,1,'https://images.ygoprodeck.com/images/cards/300302022.jpg','SGX1'),(405,'Ancient Gear','If you control an \"Ancient Gear\", you can Special Summon this card (from your hand) in face-up Attack Position.',1,6,2,100,800,1,'https://images.ygoprodeck.com/images/cards/31557782.jpg','DR04'),(406,'Ancient Gear Advance','When this card is activated: Add 1 \"Ancient Gear\" Spell/Trap from your Deck to your hand, except \"Ancient Gear Advance\". Once per turn: You can Tribute 1 monster; draw 1 card and apply this effect for the rest of this turn (even if this card leaves the field).\r\n● You can Normal Summon \"Ancient Gear Golem\", or Level 5 or higher monsters that mention it, without Tributing.\r\nYou cannot Set cards the turn you activate this card. You can only activate 1 \"Ancient Gear Advance\" per turn.',2,NULL,NULL,NULL,NULL,4,'https://images.ygoprodeck.com/images/cards/4064925.jpg','MP25'),(407,'Ancient Gear Ballista','2 EARTH Machine monsters\r\nIf this card is Link Summoned: You can add 1 \"Ancient Gear\" monster or 1 \"Geartown\" from your Deck to your hand. You can target 1 Spell/Trap you control and 1 face-up monster your opponent controls; destroy that card you control, and if you do, change that opponent\'s monster\'s ATK/DEF to 0 until the end of the turn. You can only use each effect of \"Ancient Gear Ballista\" once per turn.',1,6,NULL,1500,NULL,4,'https://images.ygoprodeck.com/images/cards/10547580.jpg','DUOV'),(408,'Ancient Gear Beast','Cannot be Special Summoned. If this card attacks, your opponent cannot activate any Spell/Trap Cards until the end of the Damage Step. Negate the effects of an opponent\'s monster destroyed by battle with this card (including in the Graveyard).',1,6,6,2000,2000,2,'https://images.ygoprodeck.com/images/cards/10509340.jpg','DR3'),(409,'Ancient Gear Box','If this card is added from the Deck or Graveyard to your hand, except by drawing it: You can add 1 EARTH Machine-Type monster with 500 ATK and/or DEF from your Deck to your hand, except \"Ancient Gear Box\". You can only use this effect of \"Ancient Gear Box\" once per turn.',1,6,4,500,2000,1,'https://images.ygoprodeck.com/images/cards/60953949.jpg','SR03'),(410,'Ancient Gear Cannon','You can Tribute this card; inflict 500 damage to your opponent, and if you do, neither player can activate Trap Cards during the Battle Phase of this turn.',1,6,2,500,500,1,'https://images.ygoprodeck.com/images/cards/80045583.jpg','DR04'),(411,'Ancient Gear Castle','All \"Ancient Gear\" monsters gain 300 ATK. Each time a monster is Normal Summoned/Set, place 1 counter on this card. If you Tribute Summon an \"Ancient Gear\" monster face-up, you can Tribute this card instead, if the number of its counters is equal to or greater than the number of required Tribute(s).',2,NULL,NULL,NULL,NULL,3,'https://images.ygoprodeck.com/images/cards/92001300.jpg','DR04'),(412,'Ancient Gear Catapult','While you control no monsters: Target 1 face-up card you control; destroy it, and if you do, Special Summon 1 \"Ancient Gear\" monster from your Deck, ignoring its Summoning conditions. You can banish this card from your Graveyard, then target 1 face-up card you control; destroy it, and if you do, Special Summon 1 \"Ancient Gear Token\" (Machine-Type/EARTH/Level 1/ATK 0/DEF 0). You can only use 1 \"Ancient Gear Catapult\" effect per turn, and only once that turn.',2,NULL,NULL,NULL,NULL,1,'https://images.ygoprodeck.com/images/cards/44052074.jpg','LDS1'),(413,'Ancient Gear Commander','You can send 1 \"Ancient Gear Golem\" from your hand, Deck, or face-up Monster Zone to the GY; immediately after this effect resolves, Normal Summon 1 \"Ancient Gear\" monster. If you Normal or Special Summon \"Ancient Gear Golem\" (except during the Damage Step): You can Special Summon 1 \"Ancient Gear Golem\" from your hand or GY, ignoring its Summoning conditions. You can banish this card from your GY; place 1 \"Ancient Gear\" Continuous Trap from your hand face-up on your field. You can only use each effect of \"Ancient Gear Commander\" once per turn.',1,6,4,500,2000,4,'https://images.ygoprodeck.com/images/cards/27483935.jpg','MP25'),(414,'Ancient Gear Dark Golem','This card\'s name becomes \"Ancient Gear Golem\" while on the field or in the GY. If this card is Normal or Special Summoned: You can add up to 2 cards (\"Ancient Gear\" cards and/or \"Geartown\") from your Deck to your hand, except \"Ancient Gear Dark Golem\", then discard 1 card, also you cannot Set cards for the rest of this turn. You can only use this effect of \"Ancient Gear Dark Golem\" once per turn. If this card attacks, your opponent cannot activate Spell/Trap Cards until the end of the Damage Step.',1,6,8,3000,3000,1,'https://images.ygoprodeck.com/images/cards/64603182.jpg','MP25'),(415,'Ancient Gear Dragon','Cannot be Special Summoned. If you control no monsters, or all monsters you control are EARTH Machine monsters, you can Normal Summon this card without Tributing. When your opponent activates a Spell/Trap Card or effect (Quick Effect): You can send to the GY, 1 Machine monster from your hand or face-up field, or 1 \"Ancient Gear Golem\" from your Deck; negate that effect. You can only use this effect of \"Ancient Gear Dragon\" once per turn.',1,6,5,500,2500,5,'https://images.ygoprodeck.com/images/cards/75892194.jpg','BLTR'),(416,'Ancient Gear Drill','If you control an \"Ancient Gear\" monster: Discard 1 card; Set 1 Spell Card directly from your Deck. This turn, that Spell Card cannot be activated.',2,NULL,NULL,NULL,NULL,2,'https://images.ygoprodeck.com/images/cards/67829249.jpg','DR04'),(417,'Ancient Gear Duel','\"Ancient Gear Golem\", and monsters that mention it, in your Monster Zone are unaffected by your opponent\'s activated monster effects. If your opponent controls a monster: You can Fusion Summon 1 Fusion Monster that mentions \"Ancient Gear Golem\" from your Extra Deck, by banishing monsters from your field or GY as material, including \"Ancient Gear Golem\" you control, and if you do, it can make up to 3 attacks during each Battle Phase. You can only use this effect of \"Ancient Gear Duel\" once per turn.',3,NULL,NULL,NULL,NULL,1,'https://images.ygoprodeck.com/images/cards/53541822.jpg','MP25'),(418,'Ancient Gear Engineer','Negate any Trap effects that target this card, and if you do, destroy that Trap Card. If this card attacks, your opponent cannot activate any Spell/Trap Cards until the end of the Damage Step. At the end of the Damage Step, if this card attacked: Target 1 Spell/Trap Card your opponent controls; destroy that target.',1,6,5,1500,1500,1,'https://images.ygoprodeck.com/images/cards/1953925.jpg','SR03'),(419,'Ancient Gear Explosive','Target 1 \"Ancient Gear\" monster you control; destroy it, and if you do, inflict damage to your opponent equal to half its original ATK.',2,NULL,NULL,NULL,NULL,1,'https://images.ygoprodeck.com/images/cards/4446672.jpg','SD10'),(420,'Ancient Gear Factory','Reveal 1 Level 5 or higher \"Ancient Gear\" monster from your hand, then banish a number of \"Ancient Gear\" monsters from your Graveyard, whose combined Levels are double the revealed monster\'s, and if you do, if you Normal Summon the revealed monster this turn, you must Normal Smmon it without Tributing.',2,NULL,NULL,NULL,NULL,1,'https://images.ygoprodeck.com/images/cards/30435145.jpg','DR04'),(421,'Ancient Gear Fist','Equip only to an \"Ancient Gear\" monster. At the end of the Damage Step, if the equipped monster battled a monster and is still on the field: Destroy the monster it battled.',2,NULL,NULL,NULL,NULL,1,'https://images.ygoprodeck.com/images/cards/40830387.jpg','SD10'),(422,'Ancient Gear Fortress','During the turn they were Normal or Special Summoned, your opponent cannot target \"Ancient Gear\" monsters you control with card effects, and they cannot be destroyed by your opponent\'s card effects. Your opponent cannot activate cards or effects in response to the activation of \"Ancient Gear\" cards and effects. If this card is destroyed in the Spell & Trap Zone: You can Special Summon 1 \"Ancient Gear\" monster from your hand or Graveyard, also you cannot Special Summon monsters for the rest of this turn, except \"Ancient Gear\" monsters.',2,NULL,NULL,NULL,NULL,1,'https://images.ygoprodeck.com/images/cards/70147689.jpg','SR03'),(423,'Ancient Gear Frame','You can discard 1 card; add 1 \"Ancient Gear Golem\", or 1 Spell/Trap that specifically lists the card \"Ancient Gear Golem\" in its text, from your Deck to your hand. You can only use this effect of \"Ancient Gear Frame\" once per turn. If this card attacks, your opponent cannot activate Spell/Trap Cards until the end of the Damage Step. If this face-up card in its owner\'s control leaves the field because of an opponent\'s card effect: You can Special Summon up to 3 \"Ancient Gear Golem\" and/or \"Ancient Gear Golem - Ultimate Pound\" from your hand, ignoring their Summoning conditions.',1,6,4,1600,500,2,'https://images.ygoprodeck.com/images/cards/1278431.jpg','LED2'),(424,'Ancient Gear Fusion','Fusion Summon 1 \"Ancient Gear\" Fusion Monster from your Extra Deck, using monsters from your hand or field as Fusion Material. If you use \"Ancient Gear Golem\" or \"Ancient Gear Golem - Ultimate Pound\" you control as Fusion Material, you can also use monsters from your Deck as material.',2,NULL,NULL,NULL,NULL,4,'https://images.ygoprodeck.com/images/cards/64061284.jpg','LED2'),(425,'Ancient Gear Gadget','If this card is Normal or Special Summoned: You can declare 1 card type (Monster, Spell, or Trap); this turn, if a monster you control attacks, your opponent\'s Spell Cards, Trap Cards, or monster effects (whichever was declared) cannot be activated until the end of the Damage Step. Once per turn: You can declare 1 \"Gadget\" monster\'s card name; until the End Phase, this card\'s name becomes that name.',1,6,4,500,2000,1,'https://images.ygoprodeck.com/images/cards/18486927.jpg','LDS1'),(426,'Ancient Gear Gadjiltron Chimera','This card gains the appropriate effects if you Normal Summon it by Tributing these monsters.\n● Green Gadget: This card gains 300 ATK.\n● Red Gadget: If this card inflicts battle damage to your opponent by a direct attack: Inflict 500 damage to your opponent.\n● Yellow Gadget: If this card destroys an opponent\'s monster by battle: Inflict 700 damage to your opponent.',1,6,6,2300,1300,1,'https://images.ygoprodeck.com/images/cards/86321248.jpg','SDGR'),(427,'Ancient Gear Gadjiltron Dragon','If this card attacks, your opponent cannot activate any Spell/Trap Cards until the end of the Damage Step. This card gains the appropriate effects if you Normal Summon it by Tributing these monsters.\n● Green Gadget: If this card attacks a Defense Position monster, inflict piercing battle damage to your opponent. \n● Red Gadget: If this card inflicts battle damage to your opponent: Inflict 400 damage to your opponent. \n● Yellow Gadget: If this card destroys an opponent\'s monster by battle: Inflict 600 damage to your opponent.',1,6,8,3000,2000,1,'https://images.ygoprodeck.com/images/cards/50933533.jpg','SDGR'),(428,'Ancient Gear Golem','Cannot be Special Summoned. If this card attacks, your opponent cannot activate any Spell/Trap Cards until the end of the Damage Step. If this card attacks a Defense Position monster, inflict piercing battle damage.',1,6,8,3000,3000,1,'https://images.ygoprodeck.com/images/cards/83104731.jpg','BP02'),(429,'Ancient Gear Golem - Ultimate Pound','Cannot be Special Summoned. If this card attacks a Defense Position monster, inflict piercing battle damage. Up to twice per turn, when this attacking card destroys a monster by battle: You can discard 1 Machine monster; this card can attack again in a row. If this card on the field is destroyed by battle or card effect: You can add 1 \"Polymerization\" from your Deck to your hand, and if you do, add 1 other \"Ancient Gear\" monster from your GY to your hand.',1,6,8,3000,3000,1,'https://images.ygoprodeck.com/images/cards/95735217.jpg','MP18'),(430,'Ancient Gear Howitzer','2 \"Ancient Gear\" monsters\r\nUnaffected by other cards\' effects. During your Main Phase: You can inflict 1000 damage to your opponent. You can only use this effect of \"Ancient Gear Howitzer\" once per turn. If this card is destroyed by battle and sent to the Graveyard: You can Special Summon 1 \"Ancient Gear\" monster from your Deck, ignoring its Summoning conditions.',1,6,8,1000,1800,1,'https://images.ygoprodeck.com/images/cards/87182127.jpg','MP17'),(431,'Ancient Gear Hunting Hound','If this card is Normal Summoned: Inflict 600 damage to your opponent. If this card attacks, your opponent cannot activate any Spell/Trap Cards until the end of the Damage Step. Once per turn: You can Fusion Summon 1 \"Ancient Gear\" Fusion Monster from your Extra Deck, using monsters from your hand or field as Fusion Materials.',1,6,3,1000,1000,1,'https://images.ygoprodeck.com/images/cards/42878636.jpg','MP17'),(432,'Ancient Gear Hydra','At the end of the Damage Step, when this card that was Tribute Summoned by Tributing an \"Ancient Gear\" monster battles an opponent\'s monster, but the opponent\'s monster was not destroyed by the battle: You can banish that opponent\'s monster. If this card was Tribute Summoned by Tributing a \"Gadget\" monster, it can attack all monsters your opponent controls, once each. If an \"Ancient Gear\" monster you control attacks, your opponent\'s Spell/Trap Cards and monster effects cannot be activated until the end of the Damage Step.',1,6,7,2700,1700,1,'https://images.ygoprodeck.com/images/cards/81269231.jpg','LDS1'),(433,'Ancient Gear Knight','This card is treated as a Normal Monster while face-up on the field or in the Graveyard. While this card is a Normal Monster on the field, you can Normal Summon it to have it become an Effect Monster with this effect.\n● If this card attacks, your opponent cannot activate any Spell/Trap Cards until the end of the Damage Step.',1,6,4,1800,500,1,'https://images.ygoprodeck.com/images/cards/39303359.jpg','BP02'),(434,'Ancient Gear Megaton Golem','3 \"Ancient Gear\" monsters\r\nIf this card attacks, your opponent cannot activate Spell/Trap Cards until the end of the Damage Step. If this card was Fusion Summoned using 2 or more \"Ancient Gear Golem\" and/or \"Ancient Gear Golem - Ultimate Pound\" as material, it can attack up to that many times during each Battle Phase. If this face-up Fusion Summoned card in its owner\'s control leaves the field because of an opponent\'s card effect: You can Special Summon 1 \"Ultimate Ancient Gear Golem\" from your Extra Deck, ignoring its Summoning conditions.',1,6,9,3300,3300,3,'https://images.ygoprodeck.com/images/cards/37663536.jpg','LED2'),(435,'Ancient Gear Reactor Dragon','If this card that was Tribute Summoned by Tributing an \"Ancient Gear\" monster attacks a Defense Position monster, inflict piercing battle damage to your opponent. If this card was Tribute Summoned by Tributing a \"Gadget\" monster, it can make a second attack during each Battle Phase. If this card attacks, your opponent\'s Spell/Trap Cards and monster effects cannot be activated until the end of the Damage Step. At the end of the Damage Step, if this card attacked: You can destroy 1 Spell/Trap Card on the field.',1,6,9,3000,3000,1,'https://images.ygoprodeck.com/images/cards/44874522.jpg','LDS1'),(436,'Ancient Gear Reborn','Once per turn, if you control no monsters: You can target 1 \"Ancient Gear\" monster in your Graveyard; Special Summon it, and if you do, it gains 200 ATK (even if this card leaves the field). You can only control 1 \"Ancient Gear Reborn\".',3,NULL,NULL,NULL,NULL,2,'https://images.ygoprodeck.com/images/cards/47482043.jpg','MP17'),(437,'Ancient Gear Soldier','If this card attacks, your opponent cannot activate any Spell/Trap Cards until the end of the Damage Step.',1,6,4,1300,1300,1,'https://images.ygoprodeck.com/images/cards/56094445.jpg','DR3'),(438,'Ancient Gear Statue','If your opponent controls more monsters than you do, you can Special Summon this card (from your hand). You can only Special Summon \"Ancient Gear Statue\" once per turn this way. You can Tribute this card; Special Summon from your hand or Deck, 1 \"Ancient Gear Golem\" or 1 monster that mentions it, except \"Ancient Gear Statue\", ignoring its Summoning conditions. You can only use this effect of \"Ancient Gear Statue\" once per turn.',1,6,2,500,800,4,'https://images.ygoprodeck.com/images/cards/32762201.jpg','MZTM'),(439,'Ancient Gear Tank','Equip only to an \"Ancient Gear\" monster. It gains 600 ATK. When this card is destroyed and sent to the Graveyard: Inflict 600 damage to your opponent.',2,NULL,NULL,NULL,NULL,1,'https://images.ygoprodeck.com/images/cards/37457534.jpg','SD10'),(440,'Ancient Gear Tanker','If this card is Normal or Special Summoned: You can Special Summon 1 \"Ancient Gear\" monster from your hand, except \"Ancient Gear Tanker\", ignoring its Summoning conditions, or, if your opponent controls a monster, you can Special Summon from your GY instead. You can target 1 face-up card you control; destroy it, also for the rest of this turn, all monsters you control that are \"Ancient Gear Golem\", or mention it, gain 600 ATK. You can only use each effect of \"Ancient Gear Tanker\" once per turn.',1,6,4,1300,1300,1,'https://images.ygoprodeck.com/images/cards/91098230.jpg','MP25'),(441,'Ancient Gear Token','This card can be used as an \"Ancient Gear Token\".\r\n\r\n\r\n*If used for another Token, apply that Token\'s Type/Attribute/Level/ATK/DEF.',1,NULL,NULL,NULL,NULL,1,'https://images.ygoprodeck.com/images/cards/44052075.jpg','SR03'),(442,'Ancient Gear Workshop','Target 1 \"Ancient Gear\" monster in your Graveyard; add that target to your hand.',2,NULL,NULL,NULL,NULL,1,'https://images.ygoprodeck.com/images/cards/59811955.jpg','SR03'),(443,'Ancient Gear Wyvern','If this card is Normal or Special Summoned: You can add 1 \"Ancient Gear\" card from your Deck to your hand, except \"Ancient Gear Wyvern\", also you cannot Set cards for the rest of this turn. You can only use this effect of \"Ancient Gear Wyvern\" once per turn. If this card attacks, your opponent\'s monsters cannot activate their effects until the end of the Damage Step.',1,6,4,1700,1200,1,'https://images.ygoprodeck.com/images/cards/17663375.jpg','LDS1'),(444,'Ancient Jar','\'\'A very fragile jar that contains something ancient and dangerous.\'\'',1,6,1,400,200,1,'https://images.ygoprodeck.com/images/cards/81492226.jpg','UNKNOWN'),(445,'Ancient Lamp','During your Main Phase: You can Special Summon \"La Jinn the Mystical Genie of the Lamp\" from your hand. This card must be face-up on the field to activate and to resolve this effect. Before damage calculation, if this card is being attacked by an opponent\'s monster, and was face-down at the start of the Damage Step: You can target 1 monster your opponent controls, except the attacking monster; the attacking monster attacks it instead, and you proceed to damage calculation.',1,5,3,900,1400,4,'https://images.ygoprodeck.com/images/cards/54912977.jpg','KC01'),(446,'Ancient Leaf','If you have 9000 or more Life Points, you can pay 2000 Life Points to draw 2 cards.',2,NULL,NULL,NULL,NULL,1,'https://images.ygoprodeck.com/images/cards/11830996.jpg','ANPR'),(447,'Ancient Lizard Warrior','Before the dawn of man, this lizard warrior ruled supreme.',1,6,4,1400,1100,1,'https://images.ygoprodeck.com/images/cards/43230671.jpg','MRD'),(448,'Ancient One of the Deep Forest','This creature adopts the form of a white goat living in the forest, but is actually a Forest Elder.',1,6,6,1800,1900,1,'https://images.ygoprodeck.com/images/cards/14015067.jpg','MRL'),(449,'Ancient Pixie Dragon','1 Tuner + 1 or more non-Tuner monsters\nAfter resolving a Field Spell Card that was activated during your turn: Draw 1 card. You can only use this effect of \"Ancient Pixie Dragon\" once per turn. Once per turn: You can target 1 face-up Attack Position monster on the field; destroy that target. There must be a face-up Field Spell Card on the field to activate and to resolve this effect.',1,2,7,2100,3000,1,'https://images.ygoprodeck.com/images/cards/4179255.jpg','PGLD'),(450,'Ancient Ruler Rises','Apply the following Skills:\r\n● Once per turn, you can send 1 Level 2 Zombie monster from your Deck to the GY and place 1 of your \"The First Sarcophagus\", \"The Second Sarcophagus\", or \"The Third Sarcophagus\" from your Deck, GY, or that is banished, face-up in your Spell & Trap Zone. (This is treated as being placed by the effect of \"The First Sarcophagus\".)\r\n● Each \"Spirit of the Pharaoh\" you control gains ATK equal to the total number of \"Pharaoh\'s Servant\" and \"Pharaonic Protector\" on your field and in your GY x 900.',1,NULL,NULL,NULL,NULL,1,'https://images.ygoprodeck.com/images/cards/300302056.jpg','SGX3'),(451,'Ancient Rules','Special Summon 1 Level 5 or higher Normal Monster from your hand.',2,NULL,NULL,NULL,NULL,1,'https://images.ygoprodeck.com/images/cards/10667321.jpg','CP07'),(452,'Ancient Sacred Wyvern','1 LIGHT Tuner + 1 or more non-Tuner monsters\nWhile your LP is higher than your opponent\'s, this card gains ATK equal to the difference. While your LP is lower than your opponent\'s, this card loses ATK equal to the difference. When this card is destroyed by battle and sent to the Graveyard: You can pay 1000 LP; Special Summon this card.',1,1,7,2100,2000,1,'https://images.ygoprodeck.com/images/cards/25958491.jpg','ANPR'),(453,'Ancient Sorcerer','\'\'Armed with an array of magic wands, this creature is capable of multiple attacks.\'\'',1,2,4,1000,1300,1,'https://images.ygoprodeck.com/images/cards/36821538.jpg','UNKNOWN'),(454,'Ancient Telescope','See the top 5 cards of your opponent\'s Deck. Return the cards to the Deck in the same order.',2,NULL,NULL,NULL,NULL,1,'https://images.ygoprodeck.com/images/cards/17092736.jpg','SDK'),(455,'Ancient Tool','A destructive machine discovered in the Ruins of the Ancients.',1,2,5,1700,1400,1,'https://images.ygoprodeck.com/images/cards/49587396.jpg','LCJW'),(456,'Ancient Tree of Enlightenment','\'\'This ancient arbor uses its extensive knowledge to avoid the damage of enemy attacks.\'\'',1,6,3,600,1500,1,'https://images.ygoprodeck.com/images/cards/86421986.jpg','UNKNOWN'),(457,'Ancient Warriors - Ambitious Cao De','While you control another \"Ancient Warriors\" monster, your opponent cannot target this card with card effects, also it cannot be destroyed by your opponent\'s card effects. You can only use each of the following effects of \"Ancient Warriors - Ambitious Cao De\" once per turn.\r\n● If a card(s) your opponent controls is destroyed by battle or card effect: You can send 1 other card from your hand or field to the GY; Special Summon this card from your hand.\r\n● When this card destroys an opponent\'s monster by battle and sends it to the GY: You can Special Summon that monster to your field in Defense Position.',1,3,8,3000,2500,3,'https://images.ygoprodeck.com/images/cards/33545259.jpg','ETCO'),(458,'Ancient Warriors - Deceptive Jia Wen','You can target 1 Continuous Spell/Trap you control; send it to the GY, and if you do, halve the ATK of 2 face-up monsters on the field, until the end of this turn. If a card(s) your opponent controls is destroyed by battle or card effect: You can target 1 \"Ancient Warriors\" card in your GY, except \"Ancient Warriors - Deceptive Jia Wen\"; add it to your hand. You can only use each effect of \"Ancient Warriors - Deceptive Jia Wen\" once per turn.',1,3,4,1100,1800,1,'https://images.ygoprodeck.com/images/cards/6438003.jpg','ETCO'),(459,'Ancient Warriors - Eccentric Lu Jing','You can target 1 Continuous Spell/Trap you control; send it to the GY, and if you do, add 1 \"Ancient Warriors\" Spell/Trap with a different name from your GY to your hand. If your other \"Ancient Warriors\" monster\'s effect is activated (except during the Damage Step): You can target 1 Spell/Trap your opponent controls; destroy it. You can only use each effect of \"Ancient Warriors - Eccentric Lu Jing\" once per turn.',1,4,4,700,2000,2,'https://images.ygoprodeck.com/images/cards/13923256.jpg','IGAS'),(460,'Ancient Warriors - Fearsome Zhang Yuan','All other \"Ancient Warriors\" monsters you control cannot be destroyed by battle. You can only use each of the following effects of \"Ancient Warriors - Fearsome Zhang Yuan\" once per turn.\r\n● At the start of the Damage Step, when your \"Ancient Warriors\" monster battles an opponent\'s face-up monster: You can Special Summon this card from your hand, and if you do, that opponent\'s monster loses 1000 ATK.\r\n● If a card(s) your opponent controls is destroyed by battle or card effect: You can target 1 card your opponent controls; destroy it.',1,3,6,2300,2000,1,'https://images.ygoprodeck.com/images/cards/60033398.jpg','ETCO'),(461,'Ancient Warriors - Graceful Zhou Gong','You can target 1 Continuous Spell/Trap you control; send it to the GY, and if you do, add 1 \"Ancient Warriors\" Spell/Trap from your Deck to your hand. If your other \"Ancient Warriors\" monster\'s effect is activated (except during the Damage Step): You can target 1 Effect Monster your opponent controls; negate its effects until the end of this turn. You can only use each effect of \"Ancient Warriors - Graceful Zhou Gong\" once per turn.',1,4,4,1600,1600,2,'https://images.ygoprodeck.com/images/cards/77539547.jpg','IGAS'),(462,'Ancient Warriors - Ingenious Zhuge Kong','If this card is added from the Deck to your hand by the effect of an \"Ancient Warriors\" card: You can Special Summon it. When a Spell/Trap Card is activated (Quick Effect): You can send 1 face-up \"Ancient Warriors\" Continuous Spell/Trap you control to the GY; negate the activation. When a monster effect is activated while you control \"Ancient Warriors - Virtuous Liu Xuan\" (Quick Effect): You can send 1 face-up \"Ancient Warriors\" Continuous Spell/Trap you control to the GY; negate the activation. You can only use each effect of \"Ancient Warriors - Ingenious Zhuge Kong\" once per turn.',1,5,4,1000,2000,3,'https://images.ygoprodeck.com/images/cards/32422602.jpg','ETCO'),(463,'Ancient Warriors - Loyal Guan Yun','If only your opponent controls a monster: You can Special Summon this card from your hand. Your opponent cannot target other \"Ancient Warriors\" monsters you control with card effects. If your opponent controls more monsters than you do: You can target 1 monster your opponent controls; destroy it. You can only use this effect of \"Ancient Warriors - Loyal Guan Yun\" once per turn.',1,5,7,2500,1800,3,'https://images.ygoprodeck.com/images/cards/76416959.jpg','IGAS'),(464,'Ancient Warriors - Masterful Sun Mou','While you control another \"Ancient Warriors\" monster, your opponent\'s monsters cannot target this card for attacks. You can only use each of the following effects of \"Ancient Warriors - Masterful Sun Mou\" once per turn.\r\n● You can send 1 card from your hand or field to the GY; add 1 \"Ancient Warriors\" monster from your Deck to your hand, except \"Ancient Warriors - Masterful Sun Mou\".\r\n● If your other \"Ancient Warriors\" monster\'s effect is activated (except during the Damage Step): You can target 1 monster your opponent controls; return it to the hand.',1,4,4,1800,1500,4,'https://images.ygoprodeck.com/images/cards/40140448.jpg','IGAS'),(465,'Ancient Warriors - Rebellious Lu Feng','Cannot be Normal Summoned/Set. Must be Special Summoned (from your hand) by controlling the highest ATK \"Ancient Warriors\" monster on the field (even if it\'s tied). You can only Special Summon \"Ancient Warriors - Rebellious Lu Feng\" once per turn this way. Once per turn, during the Main Phase (Quick Effect): You can destroy the 1 face-up monster your opponent controls with the highest ATK (your choice, if tied), also you cannot activate monster effects the turn you activate this effect, except \"Ancient Warriors\" monsters\'. Once per turn, during the End Phase, if your opponent controls a monster with the highest ATK on the field (even if tied): Give control of this card to your opponent.',1,2,8,2800,2200,3,'https://images.ygoprodeck.com/images/cards/82791472.jpg','BLVO'),(466,'Ancient Warriors - Savage Don Ying','While you control a Level 7 or higher \"Ancient Warriors\" monster, your opponent must pay 400 LP to activate a card or effect. You can only use each of the following effects of \"Ancient Warriors - Savage Don Ying\" once per turn. If this card is Normal or Special Summoned: You can add 1 Level 7 or higher \"Ancient Warriors\" monster or 1 \"Ancient Warriors\" Continuous Spell/Trap from your Deck to your hand. If a monster is sent to your opponent\'s GY (except during the Damage Step): You can target 1 card in your opponent\'s GY; banish it, and if you do, draw 1 card.',1,2,6,2200,1800,1,'https://images.ygoprodeck.com/images/cards/79582540.jpg','DIFO'),(467,'Ancient Warriors - Valiant Zhang De','Gains 300 ATK for each monster your opponent controls, during your turn only. You can only use each of the following effects of \"Ancient Warriors - Valiant Zhang De\" once per turn.\r\n● If you control 2 or more \"Ancient Warriors\" monsters: You can Special Summon this card from your hand.\r\n● If your opponent controls more monsters than you do: You can activate this effect; this card can make up to 2 attacks on monsters during each Battle Phase this turn.',1,5,7,2700,900,2,'https://images.ygoprodeck.com/images/cards/2801664.jpg','IGAS'),(468,'Ancient Warriors - Virtuous Liu Xuan','While you control another \"Ancient Warriors\" monster, your opponent\'s monsters cannot target this card for attacks. You can only use each of the following effects of \"Ancient Warriors - Virtuous Liu Xuan\" once per turn.\r\n● If your opponent controls more monsters than you do: You can send 1 card from your hand or field to the GY; Special Summon 1 \"Ancient Warriors\" monster from your Deck, except \"Ancient Warriors - Virtuous Liu Xuan\". ● When an attack is declared involving another \"Ancient Warriors\" monster you control: You can draw 1 card.',1,5,4,1400,1200,4,'https://images.ygoprodeck.com/images/cards/40428851.jpg','IGAS'),(469,'Ancient Warriors Oath - Double Dragon Lords','2 Beast-Warrior monsters, including a WIND \"Ancient Warriors\" monster\r\nAll \"Ancient Warriors\" monsters you control gain 500 ATK/DEF. You can only use each of the following effects of \"Ancient Warriors Oath - Double Dragon Lords\" once per turn. If this card is Link Summoned: You can add 1 \"Ancient Warriors\" card from your Deck to your hand. (Quick Effect): You can send 1 card from your hand or field to the GY, then target 1 face-up card your opponent controls; return it to the hand.',1,5,NULL,1100,NULL,3,'https://images.ygoprodeck.com/images/cards/65711558.jpg','ROTD'),(470,'Ancient Warriors Saga - Borrowing of Arrows','You can target 1 face-up monster your opponent controls and 1 \"Ancient Warriors\" monster you control; until the end of this turn, halve that opponent\'s monster\'s ATK, and if you do, add that lost ATK to your monster (even if this card leaves the field). If this card is sent to the GY while you control \"Ancient Warriors\" monsters with 2 or more different Attributes: You can place 1 \"Ancient Warriors\" Continuous Spell/Trap from your hand or Deck face-up on your field, except \"Ancient Warriors Saga - Borrowing of Arrows\". You can only use each effect of \"Ancient Warriors Saga - Borrowing of Arrows\" once per turn.',2,NULL,NULL,NULL,NULL,1,'https://images.ygoprodeck.com/images/cards/33609093.jpg','ETCO'),(471,'Ancient Warriors Saga - Chivalrous Path','If an \"Ancient Warriors\" monster(s) would be destroyed by battle, you can send this card to the GY instead. You can only use each of the following effects of \"Ancient Warriors Saga - Chivalrous Path\" once per turn. If your opponent Special Summons a monster(s) (except during the Damage Step): You can Special Summon 1 \"Ancient Warriors Token\" (Beast-Warrior/WIND/Level 1/ATK 500/DEF 500). When a card or effect is activated that targets an \"Ancient Warriors\" monster(s) on the field: You can banish this card from your GY; negate the activation.',3,NULL,NULL,NULL,NULL,1,'https://images.ygoprodeck.com/images/cards/82255872.jpg','BLVO'),(472,'Ancient Warriors Saga - Deception and Betrayal','During your Main Phase: You can Special Summon 1 \"Ancient Warriors\" monster from your hand, and if you do, take damage equal to its Level x 100. You can send this face-up card from the Spell & Trap Zone to the GY, then target 1 \"Ancient Warriors\" monster on the field; change it to any Attribute, then, if you targeted an opponent\'s monster, you can take control of it. You can only use each effect of \"Ancient Warriors Saga - Deception and Betrayal\" once per turn.',2,NULL,NULL,NULL,NULL,1,'https://images.ygoprodeck.com/images/cards/45115956.jpg','DIFO'),(473,'Ancient Warriors Saga - Defense of Changban','If your \"Ancient Warriors\" monster battles, your opponent cannot activate any Spell/Trap Cards until the end of the Damage Step. You can only use 1 of the following effects of \"Ancient Warriors Saga - Defense of Changban\" per turn, and only once that turn.\r\n● At the start of your opponent\'s Battle Phase: You can send this face-up card from your Spell & Trap Zone to the GY; monsters your opponent controls cannot target \"Ancient Warriors\" monsters for attacks this turn.\r\n● When an opponent\'s monster declares an attack: You can banish this card from your GY; Special Summon 1 \"Ancient Warriors\" monster from your Deck.',3,NULL,NULL,NULL,NULL,2,'https://images.ygoprodeck.com/images/cards/4810585.jpg','IGAS'),(474,'Ancient Warriors Saga - East-by-South Winds','You must send this card to the GY during your 2nd Standby Phase after activation. Once per turn, during your Main Phase: Toss a coin and if the result is heads, send this card to the GY. If this card is sent from the Spell & Trap Zone to the GY: You can activate this effect; this turn, your opponent cannot activate cards or effects in response to the activation of your \"Ancient Warriors\" cards and effects, also until the end of the turn, all \"Ancient Warriors\" Effect Monsters you currently control gain this effect.\r\n● When this card declares an attack: You can destroy 1 card your opponent controls.',2,NULL,NULL,NULL,NULL,1,'https://images.ygoprodeck.com/images/cards/62528292.jpg','ROTD'),(475,'Ancient Warriors Saga - Sun-Liu Alliance','If you control \"Ancient Warriors\" monsters with 2 or more different Attributes: You can declare 1 Attribute; your opponent cannot activate the effects of monsters they currently control with that Attribute, until the end of this turn (even if this card leaves the field). If your opponent Special Summons a monster(s), or you activate an \"Ancient Warriors\" monster\'s effect (except during the Damage Step): You can make all \"Ancient Warriors\" monsters you control gain 300 ATK for each \"Ancient Warriors\" monster you control until the end of this turn (even if this card leaves the field). You can only use each effect of \"Ancient Warriors Saga - Sun-Liu Alliance\" once per turn.',2,NULL,NULL,NULL,NULL,2,'https://images.ygoprodeck.com/images/cards/58116537.jpg','IGAS'),(476,'Ancient Warriors Saga - Three Visits','During your Main Phase, if you Normal or Special Summon an \"Ancient Warriors\" monster(s): You can target 1 of those monsters; add 1 \"Ancient Warriors\" monster with a different name from your Deck to your hand. If this card is sent from the Spell & Trap Zone to the GY: You can Special Summon 1 \"Ancient Warriors\" monster from your hand. You can only use each effect of \"Ancient Warriors Saga - Three Visits\" once per turn. Send this card to the GY during your 2nd Standby Phase after activation.',2,NULL,NULL,NULL,NULL,4,'https://images.ygoprodeck.com/images/cards/11711438.jpg','IGAS'),(477,'And the Band Played On','Neither player can Special Summon monsters with the same Level as those they control. Neither player can Special Summon monsters with the same Rank as those they control.',3,NULL,NULL,NULL,NULL,1,'https://images.ygoprodeck.com/images/cards/47594939.jpg','MP15'),(478,'Andro Sphinx','You can pay 500 Life Points to Special Summon this card when \"Pyramid of Light\" is on the field. This card cannot attack during the turn that it is Normal Summoned or Special Summoned. This card cannot be Special Summoned from the Graveyard. If this card destroys a Defense Position monster as a result of battle, inflict damage to your opponent\'s Life Points equal to half of the ATK of the destroyed monster.',1,1,10,3000,2500,4,'https://images.ygoprodeck.com/images/cards/15013468.jpg','EP1'),(479,'Anesthrokket Dragon','When a Link Monster\'s effect is activated that targets this face-up card on the field (Quick Effect): You can destroy this card, then make 1 face-up monster on the field unable to attack, also it has its effects negated. During the End Phase, if this card is in the GY because it was destroyed on the field by battle or card effect and sent there this turn: You can Special Summon 1 \"Rokket\" monster from your Deck, except \"Anesthrokket Dragon\". You can only use each effect of \"Anesthrokket Dragon\" once per turn.',1,2,1,0,2200,1,'https://images.ygoprodeck.com/images/cards/53266486.jpg','MP18'),(480,'Angel O1','You can Special Summon this card (from your hand) by revealing 1 Level 7 or higher monster from your hand. You can only Special Summon \"Angel O1\" once per turn this way. While you control this Special Summoned card, you can Tribute Summon 1 Level 7 or higher monster in Attack Position during your Main Phase, in addition to your Normal Summon/Set. (You can only gain this effect once per turn.)',1,1,1,200,300,3,'https://images.ygoprodeck.com/images/cards/82243738.jpg','EGO1'),(481,'Angel O7','When this card is Tribute Summoned, it gains the following effect: ● The effects of Effect Monsters cannot be activated.',1,1,7,2500,1500,5,'https://images.ygoprodeck.com/images/cards/56784842.jpg','LODT'),(482,'Angel of Blue Tears','Target 1 face-up monster on the field; its controller\'s opponent takes damage equal to the number of cards in their hand x 200, then negate that target\'s effects until the end of this turn. If effect damage is inflicted (except during the Damage Step): You can banish this card from your GY; Set 1 Normal Trap directly from your hand or Deck. If Set from the hand, it can be activated this turn. You can only use 1 \"Angel of Blue Tears\" effect per turn, and only once that turn.',2,NULL,NULL,NULL,NULL,4,'https://images.ygoprodeck.com/images/cards/91706817.jpg','MP24'),(483,'Angel of Zera','1 Tuner + 1 or more non-Tuner monsters\nThis card gains 100 ATK for each of your opponent\'s banished cards. During the Standby Phase of the next turn after this card was banished: Special Summon this banished card. You can only use the effect of \"Angel of Zera\" once per turn.',1,1,8,2800,2300,5,'https://images.ygoprodeck.com/images/cards/42216237.jpg','MP14'),(484,'Angel Statue - Azurune','Special Summon this card as an Effect Monster (Fairy/LIGHT/Level 4/ATK 1800/DEF 1800). (This card is also still a Trap.) Once per turn, when your opponent would Special Summon a monster(s) while this card is in your Monster Zone: You can send to the GY, 1 Continuous Trap in your Monster Zone that was Special Summoned from the Spell & Trap Zone; negate the Summon, and if you do, destroy that monster(s). When this card in the Monster Zone is destroyed by battle: You can destroy the monster that destroyed this card.',3,NULL,NULL,NULL,NULL,1,'https://images.ygoprodeck.com/images/cards/44822037.jpg','MP22'),(485,'Angel Trumpeter','This beautiful, fairy-like flower generates a delusional mist to keep intruders away from the deepest parts of the forest, where sacred beasts dwell.',1,6,4,1900,1600,1,'https://images.ygoprodeck.com/images/cards/87979586.jpg','MP17'),(486,'Angelica, Princess of Noble Arms','1 Tuner + 1+ non-Tuner monsters\r\nIf this card is Special Summoned: You can add 1 \"Horn of Olifant\", or 1 card that mentions \"Infernoble Knight Emperor Charles\", from your Deck to your hand. When a card or effect is activated that targets this card on the field, or when this card is targeted for an attack (Quick Effect): You can send 1 FIRE Warrior monster from your Deck to the GY, and if you do, banish this card (until the End Phase), then you can Special Summon 1 \"Roland\" monster from your Deck or Extra Deck. You can only use each effect of \"Angelica, Princess of Noble Arms\" once per turn.',1,3,5,1200,2400,1,'https://images.ygoprodeck.com/images/cards/36320744.jpg','DUNE'),(487,'Angelica\'s Angelic Ring','Equip only to a monster you control equipped with an Equip Card. You can only control 1 \"Angelica\'s Angelic Ring\". Each turn, negate the effect of your opponent\'s first Spell Card or effect that resolves. Once per turn, while this card is equipped to a monster: You can gain 500 LP, then destroy this card, and if you do, your opponent cannot target the monster this card was equipped to with card effects, while it is face-up in the Monster Zone.',2,NULL,NULL,NULL,NULL,4,'https://images.ygoprodeck.com/images/cards/40678060.jpg','MP24'),(488,'Angello Vaalmonica','[ Pendulum Effect ] \nEach time you gain LP while you control a Fiend Monster Card in your other Pendulum Zone, place 1 Resonance Counter on this card. Once per turn, when an opponent\'s monster declares an attack, you can: Immediately after this effect resolves, Link Summon 1 \"Vaalmonica\" Link Monster.\n\n[ Monster Effect ] \nIf this card is in your hand: You can discard 1 other card; take 1 \"Dimonno Vaalmonica\" from your Deck, and place this card and that card in your Pendulum Zones. During your Main Phase, if this card was Normal or Special Summoned this turn: You can banish 1 \"Vaalmonica\" Normal Spell/Trap from your GY; apply whichever effect on that card includes gaining LP. You can only use each effect of \"Angello Vaalmonica\" once per turn.',1,2,4,1200,2100,1,'https://images.ygoprodeck.com/images/cards/3048768.jpg','VASM'),(489,'Angmarl the Fiendish Monarch','When this card is Tribute Summoned: You can banish 1 Spell Card from your Graveyard; add 1 card with the same name as the banished Spell Card from your Deck to your hand.',1,2,6,2400,1000,1,'https://images.ygoprodeck.com/images/cards/65612386.jpg','PGL3'),(490,'Angraecum Umbrella','When this card is Normal Summoned: You can discard 1 card, then target 1 Level 4 or lower monster in your GY; Special Summon it in Defense Position, but negate its effects, also for the rest of this turn, you cannot Special Summon monsters from the Extra Deck, except Synchro Monsters.',1,4,3,500,1500,4,'https://images.ygoprodeck.com/images/cards/73979030.jpg','DUOV'),(491,'Angry Burger','(This card is always treated as \"Hungry Burger\".)\r\nYou can Ritual Summon this card with a \"Recipe\" card. Monsters your opponent controls that can attack must attack this card. You can only use each of the following effects of \"Angry Burger\" once per turn. You can reveal this card in your hand; add 1 \"Nouvelles\" monster from your Deck to your hand, and if you do, shuffle this card into the Deck. (Quick Effect): You can Tribute 1 Attack Position monster on either field, and if you do, Special Summon 1 \"Hungry Burger\" with 2000 ATK from your hand or Deck.',1,2,6,2800,1850,1,'https://images.ygoprodeck.com/images/cards/28306253.jpg','DUAD'),(492,'Animadorned Archosaur','If this card is Normal or Special Summoned: You can destroy 1 Dinosaur monster in your hand or face-up field, except \"Animadorned Archosaur\", then add 1 Reptile, Sea Serpent, or Winged Beast monster with the same original Level as that destroyed monster, OR 1 \"Evolution Pill\" Spell, from your Deck to your hand. You can only use this effect of \"Animadorned Archosaur\" once per turn.',1,1,1,0,0,4,'https://images.ygoprodeck.com/images/cards/98022050.jpg','MP21'),(493,'Ankuriboh','When an opponent\'s monster declares an attack: You can discard this card, then target 1 monster in either GY, except this card; Special Summon it to your field, but send it to the GY during the End Phase. If this card is destroyed by battle or card effect and sent to the GY: You can add 1 \"Monster Reborn\" from your Deck or GY to your hand during the End Phase of this turn. You can only use each effect of \"Ankuriboh\" once per turn.',1,2,1,300,200,1,'https://images.ygoprodeck.com/images/cards/595626.jpg','UNKNOWN'),(494,'Annihilator Archfiend','You can target 1 card you control and 1 card your opponent controls; destroy them, and if you destroyed a face-up Fiend monster(s) by this effect, this card gains ATK equal to half the Fiend monster(s)\'s original ATK, until the end of this turn. You can only use this effect of \"Annihilator Archfiend\" once per turn.',1,2,9,2000,3000,2,'https://images.ygoprodeck.com/images/cards/29603180.jpg','IGAS'),(495,'Anotherverse Dragon','\'\'This secretive dragon has conquered many dimensions, but can only be seen by the champion of time.\'\'',1,1,8,2500,2000,3,'https://images.ygoprodeck.com/images/cards/47484352.jpg','YCSW'),(496,'Anotherverse Gluttonia','\'\'A massive, malevolent monstrosity, devourer of diverse dimensions, who molds multiple domains where only the mightiest dare dwell.\'\'',1,2,8,2500,2000,3,'https://images.ygoprodeck.com/images/cards/86893702.jpg','YCSW'),(497,'Anotherverse Solaria','\'\'The stellar god of another world, harboring its twilight sun. His frozen flames leave a scorched trail across the dimensions, forever seeking new strength.\'\'',1,3,8,2500,2000,1,'https://images.ygoprodeck.com/images/cards/63028558.jpg','UNKNOWN'),(498,'Anotherverse Stratios','\'\'This war god from the otherworld has trod countless battlefields beneath his armored feet. If you want his glory, come and get it!\'\'',1,6,8,2500,2000,1,'https://images.ygoprodeck.com/images/cards/10949074.jpg','UNKNOWN'),(499,'Ansatsu','A silent and deadly warrior specializing in assassinations.',1,6,5,1700,1200,1,'https://images.ygoprodeck.com/images/cards/48365709.jpg','SDY'),(500,'Ante','Each Player reveals 1 card from their hand. If one card is higher Level than the other, the card with the lower Level is sent to the Graveyard, and the player who revealed it takes 1000 damage. (Non-Monster Cards are treated as Level 0.)',2,NULL,NULL,NULL,NULL,1,'https://images.ygoprodeck.com/images/cards/34236961.jpg','BP01');
/*!40000 ALTER TABLE `carte` ENABLE KEYS */;
UNLOCK TABLES;

--
-- Table structure for table `collection`
--

DROP TABLE IF EXISTS `collection`;
/*!40101 SET @saved_cs_client     = @@character_set_client */;
/*!50503 SET character_set_client = utf8mb4 */;
CREATE TABLE `collection` (
  `idCollection` int NOT NULL AUTO_INCREMENT,
  `idUtilisateur` int NOT NULL,
  `nomCollection` varchar(150) COLLATE utf8mb4_unicode_ci NOT NULL,
  PRIMARY KEY (`idCollection`),
  KEY `fk_collection_utilisateur` (`idUtilisateur`),
  CONSTRAINT `fk_collection_utilisateur` FOREIGN KEY (`idUtilisateur`) REFERENCES `utilisateur` (`idUtilisateur`) ON DELETE CASCADE ON UPDATE CASCADE
) ENGINE=InnoDB DEFAULT CHARSET=utf8mb4 COLLATE=utf8mb4_unicode_ci;
/*!40101 SET character_set_client = @saved_cs_client */;

--
-- Dumping data for table `collection`
--

LOCK TABLES `collection` WRITE;
/*!40000 ALTER TABLE `collection` DISABLE KEYS */;
/*!40000 ALTER TABLE `collection` ENABLE KEYS */;
UNLOCK TABLES;

--
-- Table structure for table `collectioncarte`
--

DROP TABLE IF EXISTS `collectioncarte`;
/*!40101 SET @saved_cs_client     = @@character_set_client */;
/*!50503 SET character_set_client = utf8mb4 */;
CREATE TABLE `collectioncarte` (
  `idCollection` int NOT NULL,
  `idCarte` int NOT NULL,
  `dateAcquisition` date DEFAULT NULL,
  `quantite` int NOT NULL DEFAULT '1',
  PRIMARY KEY (`idCollection`,`idCarte`),
  KEY `fk_collectionCarte_carte` (`idCarte`),
  CONSTRAINT `fk_collectionCarte_carte` FOREIGN KEY (`idCarte`) REFERENCES `carte` (`idCarte`) ON DELETE CASCADE ON UPDATE CASCADE,
  CONSTRAINT `fk_collectionCarte_collection` FOREIGN KEY (`idCollection`) REFERENCES `collection` (`idCollection`) ON DELETE CASCADE ON UPDATE CASCADE
) ENGINE=InnoDB DEFAULT CHARSET=utf8mb4 COLLATE=utf8mb4_unicode_ci;
/*!40101 SET character_set_client = @saved_cs_client */;

--
-- Dumping data for table `collectioncarte`
--

LOCK TABLES `collectioncarte` WRITE;
/*!40000 ALTER TABLE `collectioncarte` DISABLE KEYS */;
/*!40000 ALTER TABLE `collectioncarte` ENABLE KEYS */;
UNLOCK TABLES;

--
-- Table structure for table `deck`
--

DROP TABLE IF EXISTS `deck`;
/*!40101 SET @saved_cs_client     = @@character_set_client */;
/*!50503 SET character_set_client = utf8mb4 */;
CREATE TABLE `deck` (
  `idDeck` int NOT NULL AUTO_INCREMENT,
  `nom` varchar(150) COLLATE utf8mb4_unicode_ci NOT NULL,
  `description` text COLLATE utf8mb4_unicode_ci,
  `dateCreation` datetime NOT NULL DEFAULT CURRENT_TIMESTAMP,
  `idUtilisateur` int NOT NULL,
  PRIMARY KEY (`idDeck`),
  KEY `fk_deck_utilisateur` (`idUtilisateur`),
  CONSTRAINT `fk_deck_utilisateur` FOREIGN KEY (`idUtilisateur`) REFERENCES `utilisateur` (`idUtilisateur`) ON DELETE CASCADE ON UPDATE CASCADE
) ENGINE=InnoDB DEFAULT CHARSET=utf8mb4 COLLATE=utf8mb4_unicode_ci;
/*!40101 SET character_set_client = @saved_cs_client */;

--
-- Dumping data for table `deck`
--

LOCK TABLES `deck` WRITE;
/*!40000 ALTER TABLE `deck` DISABLE KEYS */;
/*!40000 ALTER TABLE `deck` ENABLE KEYS */;
UNLOCK TABLES;

--
-- Table structure for table `deckcarte`
--

DROP TABLE IF EXISTS `deckcarte`;
/*!40101 SET @saved_cs_client     = @@character_set_client */;
/*!50503 SET character_set_client = utf8mb4 */;
CREATE TABLE `deckcarte` (
  `idDeck` int NOT NULL,
  `idCarte` int NOT NULL,
  `quantite` int NOT NULL DEFAULT '1',
  PRIMARY KEY (`idDeck`,`idCarte`),
  KEY `fk_deckCarte_carte` (`idCarte`),
  CONSTRAINT `fk_deckCarte_carte` FOREIGN KEY (`idCarte`) REFERENCES `carte` (`idCarte`) ON DELETE CASCADE ON UPDATE CASCADE,
  CONSTRAINT `fk_deckCarte_deck` FOREIGN KEY (`idDeck`) REFERENCES `deck` (`idDeck`) ON DELETE CASCADE ON UPDATE CASCADE
) ENGINE=InnoDB DEFAULT CHARSET=utf8mb4 COLLATE=utf8mb4_unicode_ci;
/*!40101 SET character_set_client = @saved_cs_client */;

--
-- Dumping data for table `deckcarte`
--

LOCK TABLES `deckcarte` WRITE;
/*!40000 ALTER TABLE `deckcarte` DISABLE KEYS */;
/*!40000 ALTER TABLE `deckcarte` ENABLE KEYS */;
UNLOCK TABLES;

--
-- Table structure for table `edition`
--

DROP TABLE IF EXISTS `edition`;
/*!40101 SET @saved_cs_client     = @@character_set_client */;
/*!50503 SET character_set_client = utf8mb4 */;
CREATE TABLE `edition` (
  `codeEdition` varchar(50) COLLATE utf8mb4_unicode_ci NOT NULL,
  `nomEdition` varchar(100) COLLATE utf8mb4_unicode_ci NOT NULL,
  `dateSortie` date DEFAULT NULL,
  `fabricant` varchar(100) COLLATE utf8mb4_unicode_ci DEFAULT NULL,
  PRIMARY KEY (`codeEdition`)
) ENGINE=InnoDB DEFAULT CHARSET=utf8mb4 COLLATE=utf8mb4_unicode_ci;
/*!40101 SET character_set_client = @saved_cs_client */;

--
-- Dumping data for table `edition`
--

LOCK TABLES `edition` WRITE;
/*!40000 ALTER TABLE `edition` DISABLE KEYS */;
INSERT INTO `edition` VALUES ('2018','Yu-Gi-Oh! World Championship 2018 prize cards',NULL,NULL),('21CC','Yu-Gi-Oh! TCG Remote Duel Extravaganza participation card',NULL,NULL),('ABPF','Absolute Powerforce',NULL,NULL),('ABYR','Abyss Rising',NULL,NULL),('ALIN','Alliance Insight',NULL,NULL),('AMDE','Amazing Defenders',NULL,NULL),('ANGU','Ancient Guardians',NULL,NULL),('ANPR','Ancient Prophecy',NULL,NULL),('AP05','Astral Pack Five',NULL,NULL),('AP06','Astral Pack Six',NULL,NULL),('AST','Ancient Sanctuary',NULL,NULL),('BACH','Battle of Chaos',NULL,NULL),('BATT','Battle Pack Tournament Prize Cards',NULL,NULL),('BLAR','Battles of Legend: Armageddon',NULL,NULL),('BLC1','Battles of Legend: Chapter 1',NULL,NULL),('BLCR','Battles of Legend: Crystal Revenge',NULL,NULL),('BLHR','Battles of Legend: Hero\'s Revenge',NULL,NULL),('BLLR','Battles of Legend: Light\'s Revenge',NULL,NULL),('BLMM','Battles of Legend: Monster Mayhem',NULL,NULL),('BLMR','Battles of Legend: Monstrous Revenge',NULL,NULL),('BLTR','Battles of Legend: Terminal Revenge',NULL,NULL),('BLVO','Blazing Vortex',NULL,NULL),('BP01','Battle Pack: Epic Dawn',NULL,NULL),('BP02','Battle Pack 2: War of the Giants',NULL,NULL),('BP03','Battle Pack 3: Monster League',NULL,NULL),('BROL','Brothers of Legend',NULL,NULL),('CBLZ','Cosmo Blazer',NULL,NULL),('CDIP','Cyberdark Impact',NULL,NULL),('CHIM','Chaos Impact',NULL,NULL),('CIBR','Circuit Break',NULL,NULL),('CP02','Champion Pack: Game Two',NULL,NULL),('CP03','Champion Pack: Game Three',NULL,NULL),('CP07','Champion Pack: Game Seven',NULL,NULL),('CP08','Champion Pack: Game Eight',NULL,NULL),('CRMS','Crimson Crisis',NULL,NULL),('CRV','Cybernetic Revolution',NULL,NULL),('CT10','2013 Collectible Tins Wave 1',NULL,NULL),('CT13','2016 Mega-Tins',NULL,NULL),('CYAC','Cyberstorm Access',NULL,NULL),('DAMA','Dawn of Majesty',NULL,NULL),('DANE','Dark Neostorm',NULL,NULL),('DB','Dark Beginning 2',NULL,NULL),('DB1','Dark Beginning 1',NULL,NULL),('DB2','Dark Beginning 2',NULL,NULL),('DCR','Dark Crisis',NULL,NULL),('DEM3','Demo Deck 2016',NULL,NULL),('DESO','Destiny Soldiers',NULL,NULL),('DIFO','Dimension Force',NULL,NULL),('DLG1','Dark Legends',NULL,NULL),('DP10','Duelist Pack: Yusei 3',NULL,NULL),('DP11','Duelist Pack: Crow',NULL,NULL),('DR04','Dark Revelation Volume 4',NULL,NULL),('DR1','Dark Revelation Volume 1',NULL,NULL),('DR2','Dark Revelation Volume 2',NULL,NULL),('DR3','Dark Revelation Volume 3',NULL,NULL),('DREV','Duelist Revolution',NULL,NULL),('DRLG','Dragons of Legend',NULL,NULL),('DT01','Duel Terminal 1',NULL,NULL),('DT02','Duel Terminal 2',NULL,NULL),('DT03','Duel Terminal 3',NULL,NULL),('DT04','Duel Terminal 4',NULL,NULL),('DUAD','Duelist\'s Advance',NULL,NULL),('DUNE','Duelist Nexus',NULL,NULL),('DUOV','Duel Overload',NULL,NULL),('EGO1','Egyptian God Deck: Obelisk the Tormentor',NULL,NULL),('EGS1','Egyptian God Deck: Slifer the Sky Dragon',NULL,NULL),('EP1','Exclusive Pack',NULL,NULL),('ETCO','Eternity Code',NULL,NULL),('FIGA','Fists of the Gadgets',NULL,NULL),('FOTB','Force of the Breaker',NULL,NULL),('FUEN','Fusion Enforcers',NULL,NULL),('GAOV','Galactic Overlord',NULL,NULL),('GEIM','Genesis Impact',NULL,NULL),('GENF','Generation Force',NULL,NULL),('GFP2','Ghosts From the Past: The 2nd Haunting',NULL,NULL),('GLAS','Gladiator\'s Assault',NULL,NULL),('GLD1','Gold Series',NULL,NULL),('GLD3','Gold Series 3',NULL,NULL),('IGAS','Ignition Assault',NULL,NULL),('INOV','Invasion: Vengeance',NULL,NULL),('JUSH','Justice Hunters',NULL,NULL),('KC01','25th Anniversary Ultimate Kaiba Set',NULL,NULL),('LCJW','Legendary Collection 4: Joey\'s World Mega Pack',NULL,NULL),('LCKC','Legendary Collection Kaiba Mega Pack',NULL,NULL),('LCYW','Legendary Collection 3: Yugi\'s World Mega Pack',NULL,NULL),('LDS1','Legendary Duelists: Season 1',NULL,NULL),('LDS2','Legendary Duelists: Season 2',NULL,NULL),('LED2','Legendary Duelists: Ancient Millennium',NULL,NULL),('LED3','Legendary Duelists: White Dragon Abyss',NULL,NULL),('LED6','Legendary Duelists: Magical Hero',NULL,NULL),('LED7','Legendary Duelists: Rage of Ra',NULL,NULL),('LED9','Legendary Duelists: Duels From the Deep',NULL,NULL),('LEDU','Legendary Duelists',NULL,NULL),('LIOV','Lightning Overdrive',NULL,NULL),('LOD','Legacy of Darkness',NULL,NULL),('LODT','Light of Destruction',NULL,NULL),('LTGY','Lord of the Tachyon Galaxy',NULL,NULL),('MAMA','Magnificent Mavens',NULL,NULL),('MDP2','McDonald\'s Promotional Cards 2',NULL,NULL),('MP14','2014 Mega-Tin Mega Pack',NULL,NULL),('MP15','2015 Mega-Tin Mega Pack',NULL,NULL),('MP16','2016 Mega-Tin Mega Pack',NULL,NULL),('MP17','2017 Mega-Tin Mega Pack',NULL,NULL),('MP18','2018 Mega-Tin Mega Pack',NULL,NULL),('MP19','2019 Gold Sarcophagus Tin Mega Pack',NULL,NULL),('MP20','2020 Tin of Lost Memories Mega Pack',NULL,NULL),('MP21','2021 Tin of Ancient Battles',NULL,NULL),('MP22','2022 Tin of the Pharaoh\'s Gods',NULL,NULL),('MP23','25th Anniversary Tin: Dueling Heroes Mega Pack',NULL,NULL),('MP24','25th Anniversary Tin: Dueling Mirrors',NULL,NULL),('MP25','2025 Mega-Pack Tin',NULL,NULL),('MRD','Metal Raiders',NULL,NULL),('MRL','Magic Ruler',NULL,NULL),('MZTM','Maze of the Master',NULL,NULL),('OP01','OTS Tournament Pack 1',NULL,NULL),('OP11','OTS Tournament Pack 11',NULL,NULL),('OP15','OTS Tournament Pack 15',NULL,NULL),('OP26','OTS Tournament Pack 26',NULL,NULL),('ORCS','Order of Chaos',NULL,NULL),('PGL3','Premium Gold: Infinite Gold',NULL,NULL),('PGLD','Premium Gold',NULL,NULL),('PHHY','Photon Hypernova',NULL,NULL),('PHSW','Photon Shockwave',NULL,NULL),('POTD','Power of the Duelist',NULL,NULL),('PTDN','Phantom Darkness',NULL,NULL),('RA01','25th Anniversary Rarity Collection',NULL,NULL),('RA02','25th Anniversary Rarity Collection II',NULL,NULL),('REDU','Return of the Duelist',NULL,NULL),('RGBT','Raging Battle',NULL,NULL),('ROTD','Rise of the Duelist',NULL,NULL),('SD10','Structure Deck: Machine Re-Volt',NULL,NULL),('SDCK','Structure Deck: The Crimson King',NULL,NULL),('SDGR','Geargia Rampage Structure Deck',NULL,NULL),('SDK','Starter Deck: Kaiba',NULL,NULL),('SDKS','Structure Deck: Seto Kaiba',NULL,NULL),('SDMY','Structure Deck: Yugi Muto',NULL,NULL),('SDRR','Structure Deck: Rokket Revolt',NULL,NULL),('SDY','Starter Deck: Yugi',NULL,NULL),('SGX1','Speed Duel GX: Duel Academy Box',NULL,NULL),('SGX3','Speed Duel GX: Duelists of Shadows',NULL,NULL),('SHVI','Shining Victories',NULL,NULL),('SR03','Machine Reactor Structure Deck',NULL,NULL),('SS03','Speed Duel Starter Decks: Ultimate Predators',NULL,NULL),('STAS','2-Player Starter Set',NULL,NULL),('STON','Strike of Neos',NULL,NULL),('STP2','Speed Duel Tournament Pack 2',NULL,NULL),('SUDA','Supreme Darkness',NULL,NULL),('TAEV','Tactical Evolution',NULL,NULL),('TDIL','The Dark Illusion',NULL,NULL),('TSHD','The Shining Darkness',NULL,NULL),('UNKNOWN','UNKNOWN',NULL,NULL),('VASM','Valiant Smashers',NULL,NULL),('YCSW','Yu-Gi-Oh! Championship Series 2022 prize card',NULL,NULL),('YS15','2-Player Starter Deck: Yuya & Declan',NULL,NULL);
/*!40000 ALTER TABLE `edition` ENABLE KEYS */;
UNLOCK TABLES;

--
-- Table structure for table `raretecarte`
--

DROP TABLE IF EXISTS `raretecarte`;
/*!40101 SET @saved_cs_client     = @@character_set_client */;
/*!50503 SET character_set_client = utf8mb4 */;
CREATE TABLE `raretecarte` (
  `idRarete` int NOT NULL AUTO_INCREMENT,
  `libelleRarete` varchar(50) COLLATE utf8mb4_unicode_ci NOT NULL,
  PRIMARY KEY (`idRarete`),
  UNIQUE KEY `libelleRarete` (`libelleRarete`)
) ENGINE=InnoDB AUTO_INCREMENT=6 DEFAULT CHARSET=utf8mb4 COLLATE=utf8mb4_unicode_ci;
/*!40101 SET character_set_client = @saved_cs_client */;

--
-- Dumping data for table `raretecarte`
--

LOCK TABLES `raretecarte` WRITE;
/*!40000 ALTER TABLE `raretecarte` DISABLE KEYS */;
INSERT INTO `raretecarte` VALUES (1,'Commune'),(2,'Rare'),(5,'Secrète'),(3,'Super Rare'),(4,'Ultra Rare');
/*!40000 ALTER TABLE `raretecarte` ENABLE KEYS */;
UNLOCK TABLES;

--
-- Table structure for table `roleutilisateur`
--

DROP TABLE IF EXISTS `roleutilisateur`;
/*!40101 SET @saved_cs_client     = @@character_set_client */;
/*!50503 SET character_set_client = utf8mb4 */;
CREATE TABLE `roleutilisateur` (
  `idRole` int NOT NULL AUTO_INCREMENT,
  `libelleRole` varchar(50) COLLATE utf8mb4_unicode_ci NOT NULL,
  PRIMARY KEY (`idRole`),
  UNIQUE KEY `libelleRole` (`libelleRole`)
) ENGINE=InnoDB AUTO_INCREMENT=3 DEFAULT CHARSET=utf8mb4 COLLATE=utf8mb4_unicode_ci;
/*!40101 SET character_set_client = @saved_cs_client */;

--
-- Dumping data for table `roleutilisateur`
--

LOCK TABLES `roleutilisateur` WRITE;
/*!40000 ALTER TABLE `roleutilisateur` DISABLE KEYS */;
INSERT INTO `roleutilisateur` VALUES (2,'admin'),(1,'joueur');
/*!40000 ALTER TABLE `roleutilisateur` ENABLE KEYS */;
UNLOCK TABLES;

--
-- Table structure for table `typecarte`
--

DROP TABLE IF EXISTS `typecarte`;
/*!40101 SET @saved_cs_client     = @@character_set_client */;
/*!50503 SET character_set_client = utf8mb4 */;
CREATE TABLE `typecarte` (
  `idType` int NOT NULL AUTO_INCREMENT,
  `libelleType` varchar(50) COLLATE utf8mb4_unicode_ci NOT NULL,
  PRIMARY KEY (`idType`),
  UNIQUE KEY `libelleType` (`libelleType`)
) ENGINE=InnoDB AUTO_INCREMENT=4 DEFAULT CHARSET=utf8mb4 COLLATE=utf8mb4_unicode_ci;
/*!40101 SET character_set_client = @saved_cs_client */;

--
-- Dumping data for table `typecarte`
--

LOCK TABLES `typecarte` WRITE;
/*!40000 ALTER TABLE `typecarte` DISABLE KEYS */;
INSERT INTO `typecarte` VALUES (2,'Magie'),(1,'Monstre'),(3,'Piège');
/*!40000 ALTER TABLE `typecarte` ENABLE KEYS */;
UNLOCK TABLES;

--
-- Table structure for table `utilisateur`
--

DROP TABLE IF EXISTS `utilisateur`;
/*!40101 SET @saved_cs_client     = @@character_set_client */;
/*!50503 SET character_set_client = utf8mb4 */;
CREATE TABLE `utilisateur` (
  `idUtilisateur` int NOT NULL AUTO_INCREMENT,
  `nom` varchar(100) COLLATE utf8mb4_unicode_ci DEFAULT NULL,
  `prenom` varchar(100) COLLATE utf8mb4_unicode_ci DEFAULT NULL,
  `email` varchar(150) COLLATE utf8mb4_unicode_ci NOT NULL,
  `motDePasse` varchar(255) COLLATE utf8mb4_unicode_ci NOT NULL,
  `pseudo` varchar(100) COLLATE utf8mb4_unicode_ci NOT NULL,
  `dateInscription` datetime NOT NULL DEFAULT CURRENT_TIMESTAMP,
  `idRole` int NOT NULL,
  PRIMARY KEY (`idUtilisateur`),
  UNIQUE KEY `email` (`email`),
  UNIQUE KEY `pseudo` (`pseudo`),
  KEY `fk_utilisateur_role` (`idRole`),
  CONSTRAINT `fk_utilisateur_role` FOREIGN KEY (`idRole`) REFERENCES `roleutilisateur` (`idRole`) ON DELETE RESTRICT ON UPDATE CASCADE
) ENGINE=InnoDB DEFAULT CHARSET=utf8mb4 COLLATE=utf8mb4_unicode_ci;
/*!40101 SET character_set_client = @saved_cs_client */;

--
-- Dumping data for table `utilisateur`
--

LOCK TABLES `utilisateur` WRITE;
/*!40000 ALTER TABLE `utilisateur` DISABLE KEYS */;
/*!40000 ALTER TABLE `utilisateur` ENABLE KEYS */;
UNLOCK TABLES;

--
-- Dumping events for database 'yugiohmanager'
--
/*!40103 SET TIME_ZONE=@OLD_TIME_ZONE */;

/*!40101 SET SQL_MODE=@OLD_SQL_MODE */;
/*!40014 SET FOREIGN_KEY_CHECKS=@OLD_FOREIGN_KEY_CHECKS */;
/*!40014 SET UNIQUE_CHECKS=@OLD_UNIQUE_CHECKS */;
/*!40101 SET CHARACTER_SET_CLIENT=@OLD_CHARACTER_SET_CLIENT */;
/*!40101 SET CHARACTER_SET_RESULTS=@OLD_CHARACTER_SET_RESULTS */;
/*!40101 SET COLLATION_CONNECTION=@OLD_COLLATION_CONNECTION */;
/*!40111 SET SQL_NOTES=@OLD_SQL_NOTES */;

-- Dump completed on 2025-11-05  9:37:25
